"old_url","new_url","mapping_type","priority","status","note","quality_label"
"https://izmirorkestra.net/04ca2e96cc4c5461393805d9844676b0","https://izmirorkestra.net/blog","301","low","draft","hub_yonlendirmesi","close"
"https://izmirorkestra.net/102609acc5feb32d168592e3413f904c","https://izmirorkestra.net/blog","301","low","draft","hub_yonlendirmesi","close"
"https://izmirorkestra.net/15462","https://izmirorkestra.net/blog","301","low","draft","hub_yonlendirmesi","close"
"https://izmirorkestra.net/15463","https://izmirorkestra.net/blog","301","low","draft","hub_yonlendirmesi","close"
"https://izmirorkestra.net/15464","https://izmirorkestra.net/blog","301","low","draft","hub_yonlendirmesi","close"
"https://izmirorkestra.net/15465","https://izmirorkestra.net/blog","301","low","draft","hub_yonlendirmesi","close"
"https://izmirorkestra.net/15466","https://izmirorkestra.net/blog","301","low","draft","hub_yonlendirmesi","close"
"https://izmirorkestra.net/15c42-web-agency-gb-contact-us","https://izmirorkestra.net/blog","301","low","draft","hub_yonlendirmesi","close"
"https://izmirorkestra.net/15c42-web-agency-gb-news","https://izmirorkestra.net/blog","301","low","draft","hub_yonlendirmesi","close"
"https://izmirorkestra.net/15c42-web-agency-gb-portfolio","https://izmirorkestra.net/blog","301","low","draft","hub_yonlendirmesi","close"
"https://izmirorkestra.net/15c42-web-agency-gb-portfolio-single","https://izmirorkestra.net/blog","301","low","draft","hub_yonlendirmesi","close"
"https://izmirorkestra.net/1a6f2c7963051f453143fc90bdef36cb","https://izmirorkestra.net/blog","301","low","draft","hub_yonlendirmesi","close"
"https://izmirorkestra.net/1c1c0e756ab4d5b42a0b8373f7fdb914","https://izmirorkestra.net/blog","301","low","draft","hub_yonlendirmesi","close"
"https://izmirorkestra.net/1f1f87ecae0155d7d9d7b1357480e392","https://izmirorkestra.net/blog","301","low","draft","hub_yonlendirmesi","close"
"https://izmirorkestra.net/256fb93eec5b7b37920e690e6e3b8f53","https://izmirorkestra.net/blog","301","low","draft","hub_yonlendirmesi","close"
"https://izmirorkestra.net/26df80f687305a9952a57135a50a0e46","https://izmirorkestra.net/blog","301","low","draft","hub_yonlendirmesi","close"
"https://izmirorkestra.net/2cbd44f22c9dc983f2abd55bd462f7b9","https://izmirorkestra.net/blog","301","low","draft","hub_yonlendirmesi","close"
"https://izmirorkestra.net/2f717b432f10d7dc580cbc0f6bd77682","https://izmirorkestra.net/blog","301","low","draft","hub_yonlendirmesi","close"
"https://izmirorkestra.net/420b5da860c17a7a76298d0343ad8bc7","https://izmirorkestra.net/blog","301","low","draft","hub_yonlendirmesi","close"
"https://izmirorkestra.net/46eaaf26adbafdda67ca5eb12d782202","https://izmirorkestra.net/blog","301","low","draft","hub_yonlendirmesi","close"
"https://izmirorkestra.net/51d20295268632b0a93502310324061c","https://izmirorkestra.net/blog","301","low","draft","hub_yonlendirmesi","close"
"https://izmirorkestra.net/5c6772d390db8561c6c1b81ebadc1a28","https://izmirorkestra.net/blog","301","low","draft","hub_yonlendirmesi","close"
"https://izmirorkestra.net/5cdf94328f5d3196bdfbc1b52917cb96","https://izmirorkestra.net/blog","301","low","draft","hub_yonlendirmesi","close"
"https://izmirorkestra.net/677a7996e3337dd9a4b2ab4f2824c390","https://izmirorkestra.net/blog","301","low","draft","hub_yonlendirmesi","close"
"https://izmirorkestra.net/6f725f058d4080d108a08d8e137abc03","https://izmirorkestra.net/blog","301","low","draft","hub_yonlendirmesi","close"
"https://izmirorkestra.net/78135d02d3f422fba91d6d448b0f4106","https://izmirorkestra.net/blog","301","low","draft","hub_yonlendirmesi","close"
"https://izmirorkestra.net/86d7061637764b036fb90c5d7d36288d","https://izmirorkestra.net/blog","301","low","draft","hub_yonlendirmesi","close"
"https://izmirorkestra.net/88d7fab6452591347350a464d4bbfe6d","https://izmirorkestra.net/blog","301","low","draft","hub_yonlendirmesi","close"
"https://izmirorkestra.net/95c6e26a268e403b6e829b1320c7ffed","https://izmirorkestra.net/blog","301","low","draft","hub_yonlendirmesi","close"
"https://izmirorkestra.net/96a326ccd252f6e3de4728ce688ffebc","https://izmirorkestra.net/blog","301","low","draft","hub_yonlendirmesi","close"
"https://izmirorkestra.net/96ebc91219cb5c45320d54af52e75de2","https://izmirorkestra.net/blog","301","low","draft","hub_yonlendirmesi","close"
"https://izmirorkestra.net/98b5d3d7aff514eb65478e33190baac5","https://izmirorkestra.net/blog","301","low","draft","hub_yonlendirmesi","close"
"https://izmirorkestra.net/9bf81d62d9c601cbfac207702194a52d","https://izmirorkestra.net/blog","301","low","draft","hub_yonlendirmesi","close"
"https://izmirorkestra.net/a70651be7afe33d55faab3decacb820b","https://izmirorkestra.net/blog","301","low","draft","hub_yonlendirmesi","close"
"https://izmirorkestra.net/about","https://izmirorkestra.net/blog","301","low","draft","hub_yonlendirmesi","close"
"https://izmirorkestra.net/aec658c8cb5cd5976e79406c8ba11f4d","https://izmirorkestra.net/blog","301","low","draft","hub_yonlendirmesi","close"
"https://izmirorkestra.net/b4f8f4dd10785f04de5db04151bbd5db","https://izmirorkestra.net/blog","301","low","draft","hub_yonlendirmesi","close"
"https://izmirorkestra.net/b62dd4f5c936cb3fddf0f77f769cbd17","https://izmirorkestra.net/blog","301","low","draft","hub_yonlendirmesi","close"
"https://izmirorkestra.net/baf9f89694d7d2de9e5d31f65b008d6b","https://izmirorkestra.net/blog","301","low","draft","hub_yonlendirmesi","close"
"https://izmirorkestra.net/bb015eb9029a9214d3e925af605da56e","https://izmirorkestra.net/blog","301","low","draft","hub_yonlendirmesi","close"
"https://izmirorkestra.net/best-calligraphy-fonts-for-logos","https://izmirorkestra.net/blog","301","low","draft","hub_yonlendirmesi","close"
"https://izmirorkestra.net/blog","https://izmirorkestra.net/blog","301","low","draft","birebir_eslesme","exact"
"https://izmirorkestra.net/c111184a3e190d41b65c50d5fdb81d09","https://izmirorkestra.net/blog","301","low","draft","hub_yonlendirmesi","close"
"https://izmirorkestra.net/cc7681acfbb16c551492aa5f7b3303a3","https://izmirorkestra.net/blog","301","low","draft","hub_yonlendirmesi","close"
"https://izmirorkestra.net/cdc89efdd7b080a184360afa16713393","https://izmirorkestra.net/blog","301","low","draft","hub_yonlendirmesi","close"
"https://izmirorkestra.net/class-t.api.php","https://izmirorkestra.net/blog","301","low","draft","hub_yonlendirmesi","close"
"https://izmirorkestra.net/contact","https://izmirorkestra.net/blog","301","low","draft","hub_yonlendirmesi","close"
"https://izmirorkestra.net/d18d8133ac4c4a1fa5aae78cdff5902a","https://izmirorkestra.net/blog","301","low","draft","hub_yonlendirmesi","close"
"https://izmirorkestra.net/dugun-canli-muzik-grubu","https://izmirorkestra.net/dugun-canli-muzik-grubu","keep","high","draft","birebir_eslesme","exact"
"https://izmirorkestra.net/dugun-fotografcisi-2","https://izmirorkestra.net/dugun-fotografcisi-2","keep","medium","draft","birebir_eslesme","exact"
"https://izmirorkestra.net/dugun-fotografcisi-5","https://izmirorkestra.net/dugun-fotografcisi-5","keep","medium","draft","birebir_eslesme","exact"
"https://izmirorkestra.net/dugun-okrstrasi-secimi","https://izmirorkestra.net/dugun-okrstrasi-secimi","keep","medium","draft","birebir_eslesme","exact"
"https://izmirorkestra.net/dugun-orkestra-5","https://izmirorkestra.net/dugun-orkestra-5","keep","medium","draft","birebir_eslesme","exact"
"https://izmirorkestra.net/dugun-orkestra-kiralama","https://izmirorkestra.net/dugun-orkestra-kiralama","keep","medium","draft","birebir_eslesme","exact"
"https://izmirorkestra.net/dugun-orkestrasi","https://izmirorkestra.net/dugun-orkestrasi","keep","medium","draft","birebir_eslesme","exact"
"https://izmirorkestra.net/e0f72185fce85595b6dd20d9737780c2","https://izmirorkestra.net/blog","301","low","draft","hub_yonlendirmesi","close"
"https://izmirorkestra.net/e2c46fb1ffed82039e9d770fd1c0597f","https://izmirorkestra.net/blog","301","low","draft","hub_yonlendirmesi","close"
"https://izmirorkestra.net/e524e1e07b08080b923a0d444091b09b","https://izmirorkestra.net/blog","301","low","draft","hub_yonlendirmesi","close"
"https://izmirorkestra.net/ecf686a7a90be2cb2300165997da2eb1","https://izmirorkestra.net/blog","301","low","draft","hub_yonlendirmesi","close"
"https://izmirorkestra.net/embed","https://izmirorkestra.net/blog","301","low","draft","hub_yonlendirmesi","close"
"https://izmirorkestra.net/et/bayan-orkestra-ve-dj-kiralama","https://izmirorkestra.net/et/bayan-orkestra-ve-dj-kiralama","keep","medium","draft","birebir_eslesme","exact"
"https://izmirorkestra.net/f02290354b21736eda55315fecd78b09","https://izmirorkestra.net/blog","301","low","draft","hub_yonlendirmesi","close"
"https://izmirorkestra.net/f078b50cd128d1c978cc227efd7a55b1","https://izmirorkestra.net/blog","301","low","draft","hub_yonlendirmesi","close"
"https://izmirorkestra.net/f27db4a7b1bd43ece815e8900b33fc8b","https://izmirorkestra.net/blog","301","low","draft","hub_yonlendirmesi","close"
"https://izmirorkestra.net/gelin-alma-organizasyon","https://izmirorkestra.net/gelin-alma-organizasyon","keep","medium","draft","birebir_eslesme","exact"
"https://izmirorkestra.net/hakkinda","https://izmirorkestra.net/blog","301","low","draft","hub_yonlendirmesi","close"
"https://izmirorkestra.net/hello-world","https://izmirorkestra.net/blog","301","low","draft","hub_yonlendirmesi","close"
"https://izmirorkestra.net/izmir-mehter-takimi-kiralama","https://izmirorkestra.net/izmir-mehter-takimi-kiralama","keep","medium","draft","birebir_eslesme","exact"
"https://izmirorkestra.net/izmir-sunnet-organizasyon","https://izmirorkestra.net/izmir-sunnet-organizasyon","keep","medium","draft","birebir_eslesme","exact"
"https://izmirorkestra.net/kategori/kategori","https://izmirorkestra.net/hizmetler","301","low","draft","hub_yonlendirmesi","close"
"https://izmirorkestra.net/kina-organizasyon","https://izmirorkestra.net/kina-organizasyon","keep","medium","draft","birebir_eslesme","exact"
"https://izmirorkestra.net/kina-ve-kina-gecesi-nedir-neden-yapilir","https://izmirorkestra.net/kina-ve-kina-gecesi-nedir-neden-yapilir","keep","medium","draft","birebir_eslesme","exact"
"https://izmirorkestra.net/knowing-your-user-the-importance-of-user-research","https://izmirorkestra.net/blog","301","low","draft","hub_yonlendirmesi","close"
"https://izmirorkestra.net/nisan-organizasyon","https://izmirorkestra.net/nisan-organizasyon","keep","medium","draft","birebir_eslesme","exact"
"https://izmirorkestra.net/revealability.php","https://izmirorkestra.net/blog","301","low","draft","hub_yonlendirmesi","close"
"https://izmirorkestra.net/soniau.php","https://izmirorkestra.net/blog","301","low","draft","hub_yonlendirmesi","close"
"https://izmirorkestra.net/urun/hoodie-with-logo","https://izmirorkestra.net/blog","301","low","draft","hub_yonlendirmesi","close"
"https://izmirorkestra.net/web-agency-gb-about-us","https://izmirorkestra.net/blog","301","low","draft","hub_yonlendirmesi","close"
"https://izmirorkestra.net/web-agency-gb-contact-us","https://izmirorkestra.net/blog","301","low","draft","hub_yonlendirmesi","close"
"https://izmirorkestra.net/web-agency-gb-portfolio-single","https://izmirorkestra.net/blog","301","low","draft","hub_yonlendirmesi","close"
"https://izmirorkestra.net/web-design-trends-for-2022","https://izmirorkestra.net/blog","301","low","draft","hub_yonlendirmesi","close"
"https://izmirorkestra.net/what-is-the-progressive-web-app-pwa-and-how-it-works","https://izmirorkestra.net/blog","301","low","draft","hub_yonlendirmesi","close"
"https://izmirorkestra.net/wp-global-styles-colibri-wp","https://izmirorkestra.net/blog","301","low","draft","hub_yonlendirmesi","close"
"https://izmirorkestra.net/wp-links.php","https://izmirorkestra.net/blog","301","low","draft","hub_yonlendirmesi","close"
"https://orkestram.net/adana-bando-takimlari","https://orkestram.net/adana-bando-takimlari","keep","medium","draft","birebir_eslesme","exact"
"https://orkestram.net/adana-gelin-alma-bandosu","https://orkestram.net/adana-gelin-alma-bandosu","keep","medium","draft","birebir_eslesme","exact"
"https://orkestram.net/adana-gelin-alma-bandosu/adana-gelin-alma-bandosu-2","https://orkestram.net/adana-gelin-alma-bandosu/adana-gelin-alma-bandosu-2","keep","medium","draft","birebir_eslesme","exact"
"https://orkestram.net/ajans/orkestram-net-bekir","https://orkestram.net/ajans/orkestram-net-bekir","keep","medium","draft","birebir_eslesme","exact"
"https://orkestram.net/akhisar-kina-organizasyon","https://orkestram.net/akhisar-kina-organizasyon","keep","medium","draft","birebir_eslesme","exact"
"https://orkestram.net/akhisar-orkestra","https://orkestram.net/akhisar-orkestra","keep","medium","draft","birebir_eslesme","exact"
"https://orkestram.net/akhisar-sunnet-organizasyon-3","https://orkestram.net/akhisar-sunnet-organizasyon-3","keep","medium","draft","birebir_eslesme","exact"
"https://orkestram.net/alasehir-kina-organizasyon","https://orkestram.net/alasehir-kina-organizasyon","keep","medium","draft","birebir_eslesme","exact"
"https://orkestram.net/alasehir-orkestra","https://orkestram.net/alasehir-orkestra","keep","medium","draft","birebir_eslesme","exact"
"https://orkestram.net/alasehir-sunnet-organizasyon","https://orkestram.net/alasehir-sunnet-organizasyon","keep","medium","draft","birebir_eslesme","exact"
"https://orkestram.net/aliaga-kina-organizasyon","https://orkestram.net/aliaga-kina-organizasyon","keep","medium","draft","birebir_eslesme","exact"
"https://orkestram.net/aliaga-orkestra","https://orkestram.net/aliaga-orkestra","keep","medium","draft","birebir_eslesme","exact"
"https://orkestram.net/aliaga-sunnet-organizasyon","https://orkestram.net/aliaga-sunnet-organizasyon","keep","medium","draft","birebir_eslesme","exact"
"https://orkestram.net/ankara-bando","https://orkestram.net/ankara-bando","keep","medium","draft","birebir_eslesme","exact"
"https://orkestram.net/ankara-gelin-alma-bandosu","https://orkestram.net/ankara-gelin-alma-bandosu","keep","medium","draft","birebir_eslesme","exact"
"https://orkestram.net/ankara-gelin-alma-bandosu-1","https://orkestram.net/ankara-gelin-alma-bandosu-1","keep","medium","draft","birebir_eslesme","exact"
"https://orkestram.net/ankara-kina-organizasyon","https://orkestram.net/ankara-kina-organizasyon","keep","high","draft","birebir_eslesme","exact"
"https://orkestram.net/ankara-mizikacilari","https://orkestram.net/ankara-mizikacilari","keep","medium","draft","birebir_eslesme","exact"
"https://orkestram.net/antalya-bando","https://orkestram.net/antalya-bando","keep","medium","draft","birebir_eslesme","exact"
"https://orkestram.net/antalya-gelin-alma-bandosu","https://orkestram.net/antalya-gelin-alma-bandosu","keep","medium","draft","birebir_eslesme","exact"
"https://orkestram.net/antalya-nisan-organizasyon","https://orkestram.net/antalya-nisan-organizasyon","keep","medium","draft","birebir_eslesme","exact"
"https://orkestram.net/antalya-otel-acilisi-solistli-bando-takimi-gosterisi","https://orkestram.net/antalya-otel-acilisi-solistli-bando-takimi-gosterisi","keep","medium","draft","birebir_eslesme","exact"
"https://orkestram.net/avsar-bando","https://orkestram.net/avsar-bando","keep","medium","draft","birebir_eslesme","exact"
"https://orkestram.net/avsar-kina-organizasyon","https://orkestram.net/avsar-kina-organizasyon","keep","medium","draft","birebir_eslesme","exact"
"https://orkestram.net/aydin-bando","https://orkestram.net/aydin-bando","keep","medium","draft","birebir_eslesme","exact"
"https://orkestram.net/aydin-orkestra","https://orkestram.net/aydin-orkestra","keep","medium","draft","birebir_eslesme","exact"
"https://orkestram.net/bahcede-nisan-organizasyon","https://orkestram.net/bahcede-nisan-organizasyon","keep","medium","draft","birebir_eslesme","exact"
"https://orkestram.net/balikesir-bando-takimlari","https://orkestram.net/balikesir-bando-takimlari","keep","medium","draft","birebir_eslesme","exact"
"https://orkestram.net/bando","https://orkestram.net/bando","keep","medium","draft","birebir_eslesme","exact"
"https://orkestram.net/bando-ali/ana-kategori","https://orkestram.net/bando-ali/ana-kategori","keep","medium","draft","birebir_eslesme","exact"
"https://orkestram.net/bando-bekir","https://orkestram.net/bando-bekir","keep","medium","draft","birebir_eslesme","exact"
"https://orkestram.net/bando-bekir/ana-kategori","https://orkestram.net/bando-bekir/ana-kategori","keep","medium","draft","birebir_eslesme","exact"
"https://orkestram.net/bando-fuat","https://orkestram.net/bando-fuat","keep","medium","draft","birebir_eslesme","exact"
"https://orkestram.net/bando-fuat/ana-kategori","https://orkestram.net/bando-fuat/ana-kategori","keep","medium","draft","birebir_eslesme","exact"
"https://orkestram.net/bando-hicaz","https://orkestram.net/bando-hicaz","keep","medium","draft","birebir_eslesme","exact"
"https://orkestram.net/bando-hicaz-izmir","https://orkestram.net/bando-hicaz-izmir","keep","medium","draft","birebir_eslesme","exact"
"https://orkestram.net/bando-izmir","https://orkestram.net/bando-izmir","keep","medium","draft","birebir_eslesme","exact"
"https://orkestram.net/bando-menlisa","https://orkestram.net/bando-menlisa","keep","medium","draft","birebir_eslesme","exact"
"https://orkestram.net/bando-menlisa/bando-menlisa-2","https://orkestram.net/bando-menlisa/bando-menlisa-2","keep","medium","draft","birebir_eslesme","exact"
"https://orkestram.net/bando-menlisa-12","https://orkestram.net/bando-menlisa-12","keep","medium","draft","birebir_eslesme","exact"
"https://orkestram.net/bando-menlisa-2","https://orkestram.net/bando-menlisa-2","keep","medium","draft","birebir_eslesme","exact"
"https://orkestram.net/bando-menlisaa","https://orkestram.net/bando-menlisaa","keep","medium","draft","birebir_eslesme","exact"
"https://orkestram.net/bando-rol","https://orkestram.net/bando-rol","keep","medium","draft","birebir_eslesme","exact"
"https://orkestram.net/bando-takimi-2","https://orkestram.net/bando-takimi-2","keep","medium","draft","birebir_eslesme","exact"
"https://orkestram.net/bando-takimi-adana","https://orkestram.net/bando-takimi-adana","keep","medium","draft","birebir_eslesme","exact"
"https://orkestram.net/bando-takimi-antalya","https://orkestram.net/bando-takimi-antalya","keep","medium","draft","birebir_eslesme","exact"
"https://orkestram.net/bando-takimlari","https://orkestram.net/bando-takimlari","keep","medium","draft","birebir_eslesme","exact"
"https://orkestram.net/bayan-orkestra-ve-dj-kiralama","https://orkestram.net/bayan-orkestra-ve-dj-kiralama","keep","medium","draft","birebir_eslesme","exact"
"https://orkestram.net/bergama-orkestra","https://orkestram.net/bergama-orkestra","keep","medium","draft","birebir_eslesme","exact"
"https://orkestram.net/beste-muzik","https://orkestram.net/beste-muzik","keep","medium","draft","birebir_eslesme","exact"
"https://orkestram.net/bolu-bando","https://orkestram.net/bolu-bando","keep","medium","draft","birebir_eslesme","exact"
"https://orkestram.net/bueesa-bando-pazar/ana-kategori","https://orkestram.net/bueesa-bando-pazar/ana-kategori","keep","medium","draft","birebir_eslesme","exact"
"https://orkestram.net/bursa-bando","https://orkestram.net/bursa-bando","keep","medium","draft","birebir_eslesme","exact"
"https://orkestram.net/bursa-sunnet-organizasyon","https://orkestram.net/bursa-sunnet-organizasyon","keep","medium","draft","birebir_eslesme","exact"
"https://orkestram.net/butun-dugun-firmalari","https://orkestram.net/butun-dugun-firmalari","keep","medium","draft","birebir_eslesme","exact"
"https://orkestram.net/canli-dugun-orkestra-fikirleri","https://orkestram.net/canli-dugun-orkestra-fikirleri","keep","high","draft","birebir_eslesme","exact"
"https://orkestram.net/cesme-kina-organizasyon","https://orkestram.net/cesme-kina-organizasyon","keep","medium","draft","birebir_eslesme","exact"
"https://orkestram.net/cesme-orkestra","https://orkestram.net/cesme-orkestra","keep","medium","draft","birebir_eslesme","exact"
"https://orkestram.net/cesme-sunnet-organizasyon-1","https://orkestram.net/cesme-sunnet-organizasyon-1","keep","medium","draft","birebir_eslesme","exact"
"https://orkestram.net/deneme-bandosu","https://orkestram.net/deneme-bandosu","keep","medium","draft","birebir_eslesme","exact"
"https://orkestram.net/denizli-bando-takimlari","https://orkestram.net/denizli-bando-takimlari","keep","medium","draft","birebir_eslesme","exact"
"https://orkestram.net/dilek-organizasyon-kina","https://orkestram.net/dilek-organizasyon-kina","keep","medium","draft","birebir_eslesme","exact"
"https://orkestram.net/dilek-organizasyon-kina-2","https://orkestram.net/dilek-organizasyon-kina-2","keep","medium","draft","birebir_eslesme","exact"
"https://orkestram.net/done-kina","https://orkestram.net/done-kina","keep","medium","draft","birebir_eslesme","exact"
"https://orkestram.net/done-kina-organizasyon-2","https://orkestram.net/done-kina-organizasyon-2","keep","medium","draft","birebir_eslesme","exact"
"https://orkestram.net/dugun-otkrstra-izmir","https://orkestram.net/dugun-otkrstra-izmir","keep","medium","draft","birebir_eslesme","exact"
"https://orkestram.net/duguz-orkestra-adana","https://orkestram.net/duguz-orkestra-adana","keep","medium","draft","birebir_eslesme","exact"
"https://orkestram.net/eskisehir-bando-takimi","https://orkestram.net/eskisehir-bando-takimi","keep","medium","draft","birebir_eslesme","exact"
"https://orkestram.net/firma/bando-cokka","https://orkestram.net/firma/bando-cokka","keep","medium","draft","birebir_eslesme","exact"
"https://orkestram.net/firma/bando-roll","https://orkestram.net/firma/bando-roll","keep","medium","draft","birebir_eslesme","exact"
"https://orkestram.net/fiyat-araligi/ekonomik","https://orkestram.net/fiyat-araligi/ekonomik","keep","medium","draft","birebir_eslesme","exact"
"https://orkestram.net/fiyat-araligi/profesyonel","https://orkestram.net/fiyat-araligi/profesyonel","keep","medium","draft","birebir_eslesme","exact"
"https://orkestram.net/fiyat-giris","https://orkestram.net/fiyat-giris","keep","medium","draft","birebir_eslesme","exact"
"https://orkestram.net/fiyat-tablosu","https://orkestram.net/fiyat-tablosu","keep","medium","draft","birebir_eslesme","exact"
"https://orkestram.net/fiyat-teklifi/45585","https://orkestram.net/iletisim","301","medium","draft","manuel_dogrulama_gerekli","close"
"https://orkestram.net/fiyat-teklifi/46464","https://orkestram.net/iletisim","301","medium","draft","manuel_dogrulama_gerekli","close"
"https://orkestram.net/fiyat-teklifi/46498","https://orkestram.net/iletisim","301","medium","draft","manuel_dogrulama_gerekli","close"
"https://orkestram.net/fiyat-teklifi/46499","https://orkestram.net/iletisim","301","medium","draft","manuel_dogrulama_gerekli","close"
"https://orkestram.net/fiyat-teklifi/46711","https://orkestram.net/iletisim","301","medium","draft","manuel_dogrulama_gerekli","close"
"https://orkestram.net/fiyat-teklifi/47000","https://orkestram.net/iletisim","301","medium","draft","manuel_dogrulama_gerekli","close"
"https://orkestram.net/fiyat-teklifi/47471","https://orkestram.net/iletisim","301","medium","draft","manuel_dogrulama_gerekli","close"
"https://orkestram.net/fiyat-teklifi/47562","https://orkestram.net/iletisim","301","medium","draft","manuel_dogrulama_gerekli","close"
"https://orkestram.net/fiyat-teklifi/47985","https://orkestram.net/iletisim","301","medium","draft","manuel_dogrulama_gerekli","close"
"https://orkestram.net/fiyat-teklifi/48208","https://orkestram.net/iletisim","301","medium","draft","manuel_dogrulama_gerekli","close"
"https://orkestram.net/fiyat-teklifi/48361","https://orkestram.net/iletisim","301","medium","draft","manuel_dogrulama_gerekli","close"
"https://orkestram.net/fiyat-teklifi/48363","https://orkestram.net/iletisim","301","medium","draft","manuel_dogrulama_gerekli","close"
"https://orkestram.net/fiyat-teklifi/48380","https://orkestram.net/iletisim","301","medium","draft","manuel_dogrulama_gerekli","close"
"https://orkestram.net/fiyat-teklifi/48381","https://orkestram.net/iletisim","301","medium","draft","manuel_dogrulama_gerekli","close"
"https://orkestram.net/fiyat-teklifi/48382","https://orkestram.net/iletisim","301","medium","draft","manuel_dogrulama_gerekli","close"
"https://orkestram.net/fiyat-teklifi/48383","https://orkestram.net/iletisim","301","medium","draft","manuel_dogrulama_gerekli","close"
"https://orkestram.net/fiyat-teklifi/48384","https://orkestram.net/iletisim","301","medium","draft","manuel_dogrulama_gerekli","close"
"https://orkestram.net/fiyat-teklifi/48637","https://orkestram.net/iletisim","301","medium","draft","manuel_dogrulama_gerekli","close"
"https://orkestram.net/fiyat-teklifi/48644","https://orkestram.net/iletisim","301","medium","draft","manuel_dogrulama_gerekli","close"
"https://orkestram.net/foca-kina-organizasyon","https://orkestram.net/foca-kina-organizasyon","keep","medium","draft","birebir_eslesme","exact"
"https://orkestram.net/foca-orkestra","https://orkestram.net/foca-orkestra","keep","medium","draft","birebir_eslesme","exact"
"https://orkestram.net/gelin-alma-bandosu-2","https://orkestram.net/gelin-alma-bandosu-2","keep","medium","draft","birebir_eslesme","exact"
"https://orkestram.net/gelin-kinasi-yikama","https://orkestram.net/gelin-kinasi-yikama","keep","medium","draft","birebir_eslesme","exact"
"https://orkestram.net/grup-bekir","https://orkestram.net/grup-bekir","keep","medium","draft","birebir_eslesme","exact"
"https://orkestram.net/grup-moda","https://orkestram.net/grup-moda","keep","medium","draft","birebir_eslesme","exact"
"https://orkestram.net/grup-zayce","https://orkestram.net/grup-zayce","keep","medium","draft","birebir_eslesme","exact"
"https://orkestram.net/guzel-bando-adana","https://orkestram.net/guzel-bando-adana","keep","medium","draft","birebir_eslesme","exact"
"https://orkestram.net/hesap/muzik-hesap","https://orkestram.net/hesap/muzik-hesap","keep","medium","draft","birebir_eslesme","exact"
"https://orkestram.net/hesap/organizasyon","https://orkestram.net/hesap/organizasyon","keep","medium","draft","birebir_eslesme","exact"
"https://orkestram.net/hizmet-bolgesi/antalya","https://orkestram.net/hizmet-bolgesi/antalya","keep","medium","draft","birebir_eslesme","exact"
"https://orkestram.net/hizmet-bolgesi/izmir","https://orkestram.net/hizmet-bolgesi/izmir","keep","medium","draft","birebir_eslesme","exact"
"https://orkestram.net/ilan/bandocu12","https://orkestram.net/ilan/bandocu12","keep","medium","draft","birebir_eslesme","exact"
"https://orkestram.net/ilan/bando-presto","https://orkestram.net/ilan/bando-presto","keep","medium","draft","birebir_eslesme","exact"
"https://orkestram.net/ilan/bandoroma","https://orkestram.net/ilan/bandoroma","keep","medium","draft","birebir_eslesme","exact"
"https://orkestram.net/ilan/bando-takimi/bando-presto","https://orkestram.net/ilan/bando-takimi/bando-presto","keep","medium","draft","birebir_eslesme","exact"
"https://orkestram.net/ilan/bando-takimi/bando-takimi-konya","https://orkestram.net/ilan/bando-takimi/bando-takimi-konya","keep","medium","draft","birebir_eslesme","exact"
"https://orkestram.net/ilan/bando-takimi/bando-yeni","https://orkestram.net/ilan/bando-takimi/bando-yeni","keep","medium","draft","birebir_eslesme","exact"
"https://orkestram.net/ilan/bando-takimi/bekir-deneme","https://orkestram.net/ilan/bando-takimi/bekir-deneme","keep","medium","draft","birebir_eslesme","exact"
"https://orkestram.net/ilan/bando-takimi/deneme-band","https://orkestram.net/ilan/bando-takimi/deneme-band","keep","medium","draft","birebir_eslesme","exact"
"https://orkestram.net/ilan/bando-takimi/hicaz","https://orkestram.net/ilan/bando-takimi/hicaz","keep","medium","draft","birebir_eslesme","exact"
"https://orkestram.net/ilan/bando-takimi-konya","https://orkestram.net/ilan/bando-takimi-konya","keep","medium","draft","birebir_eslesme","exact"
"https://orkestram.net/ilan/bando-yeni","https://orkestram.net/ilan/bando-yeni","keep","medium","draft","birebir_eslesme","exact"
"https://orkestram.net/ilan/deneme-kina-organizasyon","https://orkestram.net/ilan/deneme-kina-organizasyon","keep","high","draft","birebir_eslesme","exact"
"https://orkestram.net/ilan/grup-moda","https://orkestram.net/ilan/grup-moda","keep","medium","draft","birebir_eslesme","exact"
"https://orkestram.net/ilan/kina-organizasyon/kina-planlama","https://orkestram.net/ilan/kina-organizasyon/kina-planlama","keep","high","draft","birebir_eslesme","exact"
"https://orkestram.net/ilan/kina-planlama","https://orkestram.net/ilan/kina-planlama","keep","medium","draft","birebir_eslesme","exact"
"https://orkestram.net/ilan/mehmet-muzik","https://orkestram.net/ilan/mehmet-muzik","keep","medium","draft","birebir_eslesme","exact"
"https://orkestram.net/ilan/nisan-organizasyon/bisan-plan","https://orkestram.net/ilan/nisan-organizasyon/bisan-plan","keep","medium","draft","birebir_eslesme","exact"
"https://orkestram.net/ilan/orkestra/beste-muzik","https://orkestram.net/ilan/orkestra/beste-muzik","keep","high","draft","birebir_eslesme","exact"
"https://orkestram.net/ilan/orkestra/grup-moda","https://orkestram.net/ilan/orkestra/grup-moda","keep","high","draft","birebir_eslesme","exact"
"https://orkestram.net/ilan/orkestra/orkestra-test","https://orkestram.net/ilan/orkestra/orkestra-test","keep","medium","draft","birebir_eslesme","exact"
"https://orkestram.net/ilan/orkestra/ruya-irkestra","https://orkestram.net/ilan/orkestra/ruya-irkestra","keep","medium","draft","birebir_eslesme","exact"
"https://orkestram.net/ilan/orkestra-test","https://orkestram.net/ilan/orkestra-test","keep","medium","draft","birebir_eslesme","exact"
"https://orkestram.net/istanbul-bando","https://orkestram.net/istanbul-bando","keep","medium","draft","birebir_eslesme","exact"
"https://orkestram.net/istanbul-dugun-bandosu","https://orkestram.net/istanbul-dugun-bandosu","keep","high","draft","birebir_eslesme","exact"
"https://orkestram.net/istanbul-orkestra","https://orkestram.net/istanbul-orkestra","keep","medium","draft","birebir_eslesme","exact"
"https://orkestram.net/istanbul-populer-kina","https://orkestram.net/istanbul-populer-kina","keep","medium","draft","birebir_eslesme","exact"
"https://orkestram.net/izmir-bando","https://orkestram.net/izmir-bando","keep","medium","draft","birebir_eslesme","exact"
"https://orkestram.net/izmir-bando/ana-kategori","https://orkestram.net/izmir-bando/ana-kategori","keep","high","draft","birebir_eslesme","exact"
"https://orkestram.net/izmir-bando-balcovada","https://orkestram.net/izmir-bando-balcovada","keep","medium","draft","birebir_eslesme","exact"
"https://orkestram.net/izmir-bando-balcovada/ana-kategori","https://orkestram.net/izmir-bando-balcovada/ana-kategori","keep","high","draft","birebir_eslesme","exact"
"https://orkestram.net/izmir-bando-foca-da","https://orkestram.net/izmir-bando-foca-da","keep","medium","draft","birebir_eslesme","exact"
"https://orkestram.net/izmir-bando-foca-da/ana-kategori","https://orkestram.net/izmir-bando-foca-da/ana-kategori","keep","high","draft","birebir_eslesme","exact"
"https://orkestram.net/izmir-bando-gelin-alma-toreni","https://orkestram.net/izmir-bando-gelin-alma-toreni","keep","medium","draft","birebir_eslesme","exact"
"https://orkestram.net/izmir-bando-gelin-alma-toreni/ana-kategori","https://orkestram.net/izmir-bando-gelin-alma-toreni/ana-kategori","keep","high","draft","birebir_eslesme","exact"
"https://orkestram.net/izmir-bando-olarak-bayraklidaydik","https://orkestram.net/izmir-bando-olarak-bayraklidaydik","keep","medium","draft","birebir_eslesme","exact"
"https://orkestram.net/izmir-bando-olarak-bayraklidaydik/ana-kategori","https://orkestram.net/izmir-bando-olarak-bayraklidaydik/ana-kategori","keep","high","draft","birebir_eslesme","exact"
"https://orkestram.net/izmir-bando-olarak-kadinlar-matinesindeydik","https://orkestram.net/izmir-bando-olarak-kadinlar-matinesindeydik","keep","medium","draft","birebir_eslesme","exact"
"https://orkestram.net/izmir-bando-olarak-kadinlar-matinesindeydik/ana-kategori","https://orkestram.net/izmir-bando-olarak-kadinlar-matinesindeydik/ana-kategori","keep","high","draft","birebir_eslesme","exact"
"https://orkestram.net/izmir-bando-takimi","https://orkestram.net/izmir-bando-takimi","keep","medium","draft","birebir_eslesme","exact"
"https://orkestram.net/izmir-dugun-bandosu","https://orkestram.net/izmir-dugun-bandosu","keep","high","draft","birebir_eslesme","exact"
"https://orkestram.net/izmir-gelin-alma-bandosu","https://orkestram.net/izmir-gelin-alma-bandosu","keep","medium","draft","birebir_eslesme","exact"
"https://orkestram.net/izmir-gelin-alma-bandosu-olarak-karsiyakadaydi","https://orkestram.net/izmir-gelin-alma-bandosu-olarak-karsiyakadaydi","keep","medium","draft","birebir_eslesme","exact"
"https://orkestram.net/izmir-gelin-alma-bandosu-olarak-karsiyakadaydi/ana-kategori","https://orkestram.net/izmir-gelin-alma-bandosu-olarak-karsiyakadaydi/ana-kategori","keep","high","draft","birebir_eslesme","exact"
"https://orkestram.net/izmir-yesilyurt","https://orkestram.net/izmir-yesilyurt","keep","medium","draft","birebir_eslesme","exact"
"https://orkestram.net/izmir-yesilyurt/ana-kategori","https://orkestram.net/izmir-yesilyurt/ana-kategori","keep","medium","draft","birebir_eslesme","exact"
"https://orkestram.net/kars-bando-takimlari","https://orkestram.net/kars-bando-takimlari","keep","medium","draft","birebir_eslesme","exact"
"https://orkestram.net/kategori/muzik","https://orkestram.net/hizmetler","301","medium","draft","hub_yonlendirmesi","close"
"https://orkestram.net/kategori/organizasyon","https://orkestram.net/hizmetler","301","medium","draft","hub_yonlendirmesi","close"
"https://orkestram.net/kemalpasa-kina-organizasyon","https://orkestram.net/kemalpasa-kina-organizasyon","keep","medium","draft","birebir_eslesme","exact"
"https://orkestram.net/kemalpasa-orkestra","https://orkestram.net/kemalpasa-orkestra","keep","medium","draft","birebir_eslesme","exact"
"https://orkestram.net/kemalpasa-sunnet-organizasyon","https://orkestram.net/kemalpasa-sunnet-organizasyon","keep","medium","draft","birebir_eslesme","exact"
"https://orkestram.net/kina","https://orkestram.net/kina","keep","medium","draft","birebir_eslesme","exact"
"https://orkestram.net/kinacim-ankarada","https://orkestram.net/kinacim-ankarada","keep","medium","draft","birebir_eslesme","exact"
"https://orkestram.net/kina-organizasyon","https://orkestram.net/kina-organizasyon","keep","medium","draft","birebir_eslesme","exact"
"https://orkestram.net/kina-organizasyon-4","https://orkestram.net/kina-organizasyon-4","keep","medium","draft","birebir_eslesme","exact"
"https://orkestram.net/kina-organizasyon-5","https://orkestram.net/kina-organizasyon-5","keep","medium","draft","birebir_eslesme","exact"
"https://orkestram.net/kina-orhanizasyon-izmir","https://orkestram.net/kina-orhanizasyon-izmir","keep","medium","draft","birebir_eslesme","exact"
"https://orkestram.net/konya-bando","https://orkestram.net/konya-bando","keep","medium","draft","birebir_eslesme","exact"
"https://orkestram.net/konya-bando-takimi","https://orkestram.net/konya-bando-takimi","keep","medium","draft","birebir_eslesme","exact"
"https://orkestram.net/kula-orkestra-1","https://orkestram.net/kula-orkestra-1","keep","medium","draft","birebir_eslesme","exact"
"https://orkestram.net/lux-kina-deneme","https://orkestram.net/lux-kina-deneme","keep","medium","draft","birebir_eslesme","exact"
"https://orkestram.net/manisa-bando","https://orkestram.net/manisa-bando","keep","medium","draft","birebir_eslesme","exact"
"https://orkestram.net/manisa-bandolari","https://orkestram.net/manisa-bandolari","keep","medium","draft","birebir_eslesme","exact"
"https://orkestram.net/manisa-kina-organizasyon","https://orkestram.net/manisa-kina-organizasyon","keep","medium","draft","birebir_eslesme","exact"
"https://orkestram.net/manisa-nisan-organizasyon","https://orkestram.net/manisa-nisan-organizasyon","keep","medium","draft","birebir_eslesme","exact"
"https://orkestram.net/menderes-kina-organizasyon","https://orkestram.net/menderes-kina-organizasyon","keep","medium","draft","birebir_eslesme","exact"
"https://orkestram.net/menemen-kina-organizasyon","https://orkestram.net/menemen-kina-organizasyon","keep","medium","draft","birebir_eslesme","exact"
"https://orkestram.net/monsterinsights_note/kevser-kina","https://orkestram.net/monsterinsights_note/kevser-kina","keep","medium","draft","birebir_eslesme","exact"
"https://orkestram.net/muzik/armoni","https://orkestram.net/muzik/armoni","keep","medium","draft","birebir_eslesme","exact"
"https://orkestram.net/muzik/oekwatra-11","https://orkestram.net/muzik/oekwatra-11","keep","medium","draft","birebir_eslesme","exact"
"https://orkestram.net/muzik-grubu/bando-menlisa","https://orkestram.net/muzik-grubu/bando-menlisa","keep","high","draft","birebir_eslesme","exact"
"https://orkestram.net/muzik-grubu/bando-rol","https://orkestram.net/muzik-grubu/bando-rol","keep","high","draft","birebir_eslesme","exact"
"https://orkestram.net/muzik-grubu/cihan-mehter-takimi","https://orkestram.net/muzik-grubu/cihan-mehter-takimi","keep","medium","draft","birebir_eslesme","exact"
"https://orkestram.net/muzik-grubu/nota-band","https://orkestram.net/muzik-grubu/nota-band","keep","medium","draft","birebir_eslesme","exact"
"https://orkestram.net/muzik-grubu-kategorileri/bando-takimi","https://orkestram.net/hizmetler","301","high","draft","hub_yonlendirmesi","close"
"https://orkestram.net/muzik-grubu-turu/bando-takimi","https://orkestram.net/muzik-grubu-turu/bando-takimi","keep","high","draft","birebir_eslesme","exact"
"https://orkestram.net/muzik-grubu-turu/mehter-takimi","https://orkestram.net/muzik-grubu-turu/mehter-takimi","keep","medium","draft","birebir_eslesme","exact"
"https://orkestram.net/muzik-gruplari/muzik-deneme","https://orkestram.net/muzik-gruplari/muzik-deneme","keep","high","draft","birebir_eslesme","exact"
"https://orkestram.net/muzik-yer/kars-mehter-takimi-2","https://orkestram.net/muzik-yer/kars-mehter-takimi-2","keep","medium","draft","birebir_eslesme","exact"
"https://orkestram.net/organizasyon/done-2","https://orkestram.net/organizasyon/done-2","keep","medium","draft","birebir_eslesme","exact"
"https://orkestram.net/piyanist-okan-istanbul-dugun-orkesta","https://orkestram.net/piyanist-okan-istanbul-dugun-orkesta","keep","medium","draft","birebir_eslesme","exact"
"https://orkestram.net/rezervasyon/aaaaaa","https://orkestram.net/iletisim","301","medium","draft","manuel_dogrulama_gerekli","close"
"https://orkestram.net/rezervasyon/bekir-yara","https://orkestram.net/iletisim","301","medium","draft","manuel_dogrulama_gerekli","close"
"https://orkestram.net/rezervasyon/gamze-cicek","https://orkestram.net/iletisim","301","medium","draft","manuel_dogrulama_gerekli","close"
"https://orkestram.net/rezervasyon/presyo-son-teklif","https://orkestram.net/iletisim","301","high","draft","manuel_dogrulama_gerekli","close"
"https://orkestram.net/rezervasyon/redeeee","https://orkestram.net/iletisim","301","medium","draft","manuel_dogrulama_gerekli","close"
"https://orkestram.net/rezervasyon/redirect","https://orkestram.net/iletisim","301","medium","draft","manuel_dogrulama_gerekli","close"
"https://orkestram.net/salihli-kina-organizasyon","https://orkestram.net/salihli-kina-organizasyon","keep","medium","draft","birebir_eslesme","exact"
"https://orkestram.net/sarigol-kina-organizasyon","https://orkestram.net/sarigol-kina-organizasyon","keep","medium","draft","birebir_eslesme","exact"
"https://orkestram.net/seferihisar-kina-organizasyon","https://orkestram.net/seferihisar-kina-organizasyon","keep","medium","draft","birebir_eslesme","exact"
"https://orkestram.net/torbali-kina-organizasyon","https://orkestram.net/torbali-kina-organizasyon","keep","medium","draft","birebir_eslesme","exact"
"https://orkestram.net/turgutlu-kina-organizasyon","https://orkestram.net/turgutlu-kina-organizasyon","keep","medium","draft","birebir_eslesme","exact"
"https://orkestram.net/turu/bando-takimi","https://orkestram.net/hizmetler","301","medium","draft","hub_yonlendirmesi","close"
"https://orkestram.net/turu/dugun-orkestra","https://orkestram.net/hizmetler","301","high","draft","hub_yonlendirmesi","close"
"https://orkestram.net/urla-kina-organizasyon","https://orkestram.net/urla-kina-organizasyon","keep","medium","draft","birebir_eslesme","exact"
