"district_id","city_id","city_name","city_slug","district_name","district_slug","sort_order"
"1","1","Adana","adana","Aladağ","alada","10"
"2","1","Adana","adana","Ceyhan","ceyhan","20"
"3","1","Adana","adana","Feke","feke","30"
"4","1","Adana","adana","Karaisalı","karaisal","40"
"5","1","Adana","adana","Karataş","karata","50"
"6","1","Adana","adana","Kozan","kozan","60"
"7","1","Adana","adana","İmamoğlu","mamo-lu","70"
"8","1","Adana","adana","Pozantı","pozant","80"
"9","1","Adana","adana","Saimbeyli","saimbeyli","90"
"10","1","Adana","adana","Sarıçam","sar-am","100"
"11","1","Adana","adana","Seyhan","seyhan","110"
"12","1","Adana","adana","Tufanbeyli","tufanbeyli","120"
"13","1","Adana","adana","Çukurova","ukurova","130"
"14","1","Adana","adana","Yüreğir","y-re-ir","140"
"15","1","Adana","adana","Yumurtalık","yumurtal-k","150"
"16","2","Adıyaman","ad-yaman","Besni","besni","10"
"17","2","Adıyaman","ad-yaman","Çelikhan","elikhan","20"
"18","2","Adıyaman","ad-yaman","Gerger","gerger","30"
"19","2","Adıyaman","ad-yaman","Gölbaşı","g-lba","40"
"20","2","Adıyaman","ad-yaman","Kahta","kahta","50"
"21","2","Adıyaman","ad-yaman","Merkez","merkez","60"
"22","2","Adıyaman","ad-yaman","Samsat","samsat","70"
"23","2","Adıyaman","ad-yaman","Sincik","sincik","80"
"24","2","Adıyaman","ad-yaman","Tut","tut","90"
"25","3","Afyonkarahisar","afyonkarahisar","Çay","ay","10"
"26","3","Afyonkarahisar","afyonkarahisar","Başmakçı","ba-mak","20"
"27","3","Afyonkarahisar","afyonkarahisar","Bayat","bayat","30"
"28","3","Afyonkarahisar","afyonkarahisar","Bolvadin","bolvadin","40"
"29","3","Afyonkarahisar","afyonkarahisar","Dazkırı","dazk-r","50"
"30","3","Afyonkarahisar","afyonkarahisar","Dinar","dinar","60"
"31","3","Afyonkarahisar","afyonkarahisar","Emirdağ","emirda","70"
"32","3","Afyonkarahisar","afyonkarahisar","Evciler","evciler","80"
"33","3","Afyonkarahisar","afyonkarahisar","Hocalar","hocalar","90"
"34","3","Afyonkarahisar","afyonkarahisar","İhsaniye","hsaniye","100"
"35","3","Afyonkarahisar","afyonkarahisar","Kızılören","k-z-l-ren","110"
"36","3","Afyonkarahisar","afyonkarahisar","Merkez","merkez","120"
"37","3","Afyonkarahisar","afyonkarahisar","Çobanlar","obanlar","130"
"38","3","Afyonkarahisar","afyonkarahisar","Sandıklı","sand-kl","140"
"39","3","Afyonkarahisar","afyonkarahisar","İscehisar","scehisar","150"
"40","3","Afyonkarahisar","afyonkarahisar","Sinanpaşa","sinanpa-a","160"
"41","3","Afyonkarahisar","afyonkarahisar","Sultandağı","sultanda","170"
"42","3","Afyonkarahisar","afyonkarahisar","Şuhut","uhut","180"
"43","4","Aksaray","aksaray","Ağaçören","a-a-ren","10"
"44","4","Aksaray","aksaray","Eskil","eskil","20"
"45","4","Aksaray","aksaray","Gülağaç","g-la-a","30"
"46","4","Aksaray","aksaray","Güzelyurt","g-zelyurt","40"
"47","4","Aksaray","aksaray","Merkez","merkez","50"
"48","4","Aksaray","aksaray","Ortaköy","ortak-y","60"
"49","4","Aksaray","aksaray","Sarıyahşi","sar-yah-i","70"
"50","4","Aksaray","aksaray","Sultanhanı","sultanhan","80"
"51","5","Amasya","amasya","Gümüşhacıköy","g-m-hac-k-y","10"
"52","5","Amasya","amasya","Göynücek","g-yn-cek","20"
"53","5","Amasya","amasya","Hamamözü","hamam-z","30"
"54","5","Amasya","amasya","Merkez","merkez","40"
"55","5","Amasya","amasya","Merzifon","merzifon","50"
"56","5","Amasya","amasya","Suluova","suluova","60"
"57","5","Amasya","amasya","Taşova","ta-ova","70"
"58","6","Çanakkale","anakkale","Çan","an","10"
"59","6","Çanakkale","anakkale","Ayvacık","ayvac-k","20"
"60","6","Çanakkale","anakkale","Bayramiç","bayrami","30"
"61","6","Çanakkale","anakkale","Biga","biga","40"
"62","6","Çanakkale","anakkale","Bozcaada","bozcaada","50"
"63","6","Çanakkale","anakkale","Eceabat","eceabat","60"
"64","6","Çanakkale","anakkale","Ezine","ezine","70"
"65","6","Çanakkale","anakkale","Gelibolu","gelibolu","80"
"66","6","Çanakkale","anakkale","Gökçeada","g-k-eada","90"
"67","6","Çanakkale","anakkale","Lapseki","lapseki","100"
"68","6","Çanakkale","anakkale","Merkez","merkez","110"
"69","6","Çanakkale","anakkale","Yenice","yenice","120"
"70","7","Ankara","ankara","Akyurt","akyurt","10"
"71","7","Ankara","ankara","Altındağ","alt-nda","20"
"72","7","Ankara","ankara","Çamlıdere","aml-dere","30"
"73","7","Ankara","ankara","Çankaya","ankaya","40"
"74","7","Ankara","ankara","Ayaş","aya","50"
"75","7","Ankara","ankara","Bala","bala","60"
"76","7","Ankara","ankara","Beypazarı","beypazar","70"
"77","7","Ankara","ankara","Elmadağ","elmada","80"
"78","7","Ankara","ankara","Şereflikoçhisar","erefliko-hisar","90"
"79","7","Ankara","ankara","Etimesgut","etimesgut","100"
"80","7","Ankara","ankara","Evren","evren","110"
"81","7","Ankara","ankara","Güdül","g-d-l","120"
"82","7","Ankara","ankara","Gölbaşı","g-lba","130"
"83","7","Ankara","ankara","Haymana","haymana","140"
"84","7","Ankara","ankara","Kahramankazan","kahramankazan","150"
"85","7","Ankara","ankara","Kalecik","kalecik","160"
"86","7","Ankara","ankara","Keçiören","ke-i-ren","170"
"87","7","Ankara","ankara","Kızılcahamam","k-z-lcahamam","180"
"88","7","Ankara","ankara","Mamak","mamak","190"
"89","7","Ankara","ankara","Nallıhan","nall-han","200"
"90","7","Ankara","ankara","Polatlı","polatl","210"
"91","7","Ankara","ankara","Pursaklar","pursaklar","220"
"92","7","Ankara","ankara","Sincan","sincan","230"
"93","7","Ankara","ankara","Çubuk","ubuk","240"
"94","7","Ankara","ankara","Yenimahalle","yenimahalle","250"
"95","8","Çankırı","ank-r","Şabanözü","aban-z","10"
"96","8","Çankırı","ank-r","Atkaracalar","atkaracalar","20"
"97","8","Çankırı","ank-r","Bayramören","bayram-ren","30"
"98","8","Çankırı","ank-r","Eldivan","eldivan","40"
"99","8","Çankırı","ank-r","Çerkeş","erke","50"
"100","8","Çankırı","ank-r","Ilgaz","ilgaz","60"
"101","8","Çankırı","ank-r","Korgun","korgun","70"
"102","8","Çankırı","ank-r","Kurşunlu","kur-unlu","80"
"103","8","Çankırı","ank-r","Kızılırmak","k-z-l-rmak","90"
"104","8","Çankırı","ank-r","Merkez","merkez","100"
"105","8","Çankırı","ank-r","Orta","orta","110"
"106","8","Çankırı","ank-r","Yapraklı","yaprakl","120"
"107","9","Şanlıurfa","anl-urfa","Akçakale","ak-akale","10"
"108","9","Şanlıurfa","anl-urfa","Birecik","birecik","20"
"109","9","Şanlıurfa","anl-urfa","Bozova","bozova","30"
"110","9","Şanlıurfa","anl-urfa","Ceylanpınar","ceylanp-nar","40"
"111","9","Şanlıurfa","anl-urfa","Eyyübiye","eyy-biye","50"
"112","9","Şanlıurfa","anl-urfa","Halfeti","halfeti","60"
"113","9","Şanlıurfa","anl-urfa","Haliliye","haliliye","70"
"114","9","Şanlıurfa","anl-urfa","Harran","harran","80"
"115","9","Şanlıurfa","anl-urfa","Hilvan","hilvan","90"
"116","9","Şanlıurfa","anl-urfa","Karaköprü","karak-pr","100"
"117","9","Şanlıurfa","anl-urfa","Siverek","siverek","110"
"118","9","Şanlıurfa","anl-urfa","Suruç","suru","120"
"119","9","Şanlıurfa","anl-urfa","Viranşehir","viran-ehir","130"
"120","10","Antalya","antalya","Akseki","akseki","10"
"121","10","Antalya","antalya","Aksu","aksu","20"
"122","10","Antalya","antalya","Alanya","alanya","30"
"123","10","Antalya","antalya","İbradı","brad","40"
"124","10","Antalya","antalya","Döşemealtı","d-emealt","50"
"125","10","Antalya","antalya","Demre","demre","60"
"126","10","Antalya","antalya","Elmalı","elmal","70"
"127","10","Antalya","antalya","Finike","finike","80"
"128","10","Antalya","antalya","Gazipaşa","gazipa-a","90"
"129","10","Antalya","antalya","Gündoğmuş","g-ndo-mu","100"
"130","10","Antalya","antalya","Kaş","ka","110"
"131","10","Antalya","antalya","Kemer","kemer","120"
"132","10","Antalya","antalya","Kepez","kepez","130"
"133","10","Antalya","antalya","Konyaaltı","konyaalt","140"
"134","10","Antalya","antalya","Korkuteli","korkuteli","150"
"135","10","Antalya","antalya","Kumluca","kumluca","160"
"136","10","Antalya","antalya","Manavgat","manavgat","170"
"137","10","Antalya","antalya","Muratpaşa","muratpa-a","180"
"138","10","Antalya","antalya","Serik","serik","190"
"139","11","Ağrı","a-r","Diyadin","diyadin","10"
"140","11","Ağrı","a-r","Doğubayazıt","do-ubayaz-t","20"
"141","11","Ağrı","a-r","Eleşkirt","ele-kirt","30"
"142","11","Ağrı","a-r","Hamur","hamur","40"
"143","11","Ağrı","a-r","Merkez","merkez","50"
"144","11","Ağrı","a-r","Patnos","patnos","60"
"145","11","Ağrı","a-r","Taşlıçay","ta-l-ay","70"
"146","11","Ağrı","a-r","Tutak","tutak","80"
"147","12","Ardahan","ardahan","Damal","damal","10"
"148","12","Ardahan","ardahan","Göle","g-le","20"
"149","12","Ardahan","ardahan","Hanak","hanak","30"
"150","12","Ardahan","ardahan","Çıldır","ld-r","40"
"151","12","Ardahan","ardahan","Merkez","merkez","50"
"152","12","Ardahan","ardahan","Posof","posof","60"
"153","13","Artvin","artvin","Ardanuç","ardanu","10"
"154","13","Artvin","artvin","Arhavi","arhavi","20"
"155","13","Artvin","artvin","Şavşat","av-at","30"
"156","13","Artvin","artvin","Borçka","bor-ka","40"
"157","13","Artvin","artvin","Hopa","hopa","50"
"158","13","Artvin","artvin","Kemalpaşa","kemalpa-a","60"
"159","13","Artvin","artvin","Merkez","merkez","70"
"160","13","Artvin","artvin","Murgul","murgul","80"
"161","13","Artvin","artvin","Yusufeli","yusufeli","90"
"162","14","Aydın","ayd-n","Bozdoğan","bozdo-an","10"
"163","14","Aydın","ayd-n","Buharkent","buharkent","20"
"164","14","Aydın","ayd-n","Didim","didim","30"
"165","14","Aydın","ayd-n","Efeler","efeler","40"
"166","14","Aydın","ayd-n","Germencik","germencik","50"
"167","14","Aydın","ayd-n","Çine","ine","60"
"168","14","Aydın","ayd-n","Karacasu","karacasu","70"
"169","14","Aydın","ayd-n","Karpuzlu","karpuzlu","80"
"170","14","Aydın","ayd-n","Köşk","k-k","90"
"171","14","Aydın","ayd-n","Koçarlı","ko-arl","100"
"172","14","Aydın","ayd-n","Kuşadası","ku-adas","110"
"173","14","Aydın","ayd-n","Kuyucak","kuyucak","120"
"174","14","Aydın","ayd-n","Nazilli","nazilli","130"
"175","14","Aydın","ayd-n","İncirliova","ncirliova","140"
"176","14","Aydın","ayd-n","Söke","s-ke","150"
"177","14","Aydın","ayd-n","Sultanhisar","sultanhisar","160"
"178","14","Aydın","ayd-n","Yenipazar","yenipazar","170"
"179","15","Balıkesir","bal-kesir","Altıeylül","alt-eyl-l","10"
"180","15","Balıkesir","bal-kesir","Ayvalık","ayval-k","20"
"181","15","Balıkesir","bal-kesir","Balya","balya","30"
"182","15","Balıkesir","bal-kesir","Bandırma","band-rma","40"
"183","15","Balıkesir","bal-kesir","Bigadiç","bigadi","50"
"184","15","Balıkesir","bal-kesir","Burhaniye","burhaniye","60"
"185","15","Balıkesir","bal-kesir","Dursunbey","dursunbey","70"
"186","15","Balıkesir","bal-kesir","Edremit","edremit","80"
"187","15","Balıkesir","bal-kesir","Erdek","erdek","90"
"188","15","Balıkesir","bal-kesir","Gömeç","g-me","100"
"189","15","Balıkesir","bal-kesir","Gönen","g-nen","110"
"190","15","Balıkesir","bal-kesir","Havran","havran","120"
"191","15","Balıkesir","bal-kesir","Karesi","karesi","130"
"192","15","Balıkesir","bal-kesir","Kepsut","kepsut","140"
"193","15","Balıkesir","bal-kesir","Manyas","manyas","150"
"194","15","Balıkesir","bal-kesir","Marmara","marmara","160"
"195","15","Balıkesir","bal-kesir","Savaştepe","sava-tepe","170"
"196","15","Balıkesir","bal-kesir","Sındırgı","s-nd-rg","180"
"197","15","Balıkesir","bal-kesir","Susurluk","susurluk","190"
"198","15","Balıkesir","bal-kesir","İvrindi","vrindi","200"
"199","16","Bartın","bart-n","Amasra","amasra","10"
"200","16","Bartın","bart-n","Kurucaşile","kuruca-ile","20"
"201","16","Bartın","bart-n","Merkez","merkez","30"
"202","16","Bartın","bart-n","Ulus","ulus","40"
"203","17","Batman","batman","Beşiri","be-iri","10"
"204","17","Batman","batman","Gercüş","gerc","20"
"205","17","Batman","batman","Hasankeyf","hasankeyf","30"
"206","17","Batman","batman","Kozluk","kozluk","40"
"207","17","Batman","batman","Merkez","merkez","50"
"208","17","Batman","batman","Sason","sason","60"
"209","18","Bayburt","bayburt","Aydıntepe","ayd-ntepe","10"
"210","18","Bayburt","bayburt","Demirözü","demir-z","20"
"211","18","Bayburt","bayburt","Merkez","merkez","30"
"212","19","Bilecik","bilecik","Bozüyük","boz-y-k","10"
"213","19","Bilecik","bilecik","Gölpazarı","g-lpazar","20"
"214","19","Bilecik","bilecik","Merkez","merkez","30"
"215","19","Bilecik","bilecik","İnhisar","nhisar","40"
"216","19","Bilecik","bilecik","Osmaneli","osmaneli","50"
"217","19","Bilecik","bilecik","Pazaryeri","pazaryeri","60"
"218","19","Bilecik","bilecik","Söğüt","s-t","70"
"219","19","Bilecik","bilecik","Yenipazar","yenipazar","80"
"220","20","Bingöl","bing-l","Adaklı","adakl","10"
"221","20","Bingöl","bing-l","Genç","gen","20"
"222","20","Bingöl","bing-l","Karlıova","karl-ova","30"
"223","20","Bingöl","bing-l","Kiğı","ki","40"
"224","20","Bingöl","bing-l","Merkez","merkez","50"
"225","20","Bingöl","bing-l","Solhan","solhan","60"
"226","20","Bingöl","bing-l","Yayladere","yayladere","70"
"227","20","Bingöl","bing-l","Yedisu","yedisu","80"
"228","21","Bitlis","bitlis","Adilcevaz","adilcevaz","10"
"229","21","Bitlis","bitlis","Ahlat","ahlat","20"
"230","21","Bitlis","bitlis","Güroymak","g-roymak","30"
"231","21","Bitlis","bitlis","Hizan","hizan","40"
"232","21","Bitlis","bitlis","Merkez","merkez","50"
"233","21","Bitlis","bitlis","Mutki","mutki","60"
"234","21","Bitlis","bitlis","Tatvan","tatvan","70"
"235","22","Bolu","bolu","Dörtdivan","d-rtdivan","10"
"236","22","Bolu","bolu","Gerede","gerede","20"
"237","22","Bolu","bolu","Göynük","g-yn-k","30"
"238","22","Bolu","bolu","Kıbrıscık","k-br-sc-k","40"
"239","22","Bolu","bolu","Mengen","mengen","50"
"240","22","Bolu","bolu","Merkez","merkez","60"
"241","22","Bolu","bolu","Mudurnu","mudurnu","70"
"242","22","Bolu","bolu","Seben","seben","80"
"243","22","Bolu","bolu","Yeniçağa","yeni-a-a","90"
"244","23","Burdur","burdur","Ağlasun","a-lasun","10"
"245","23","Burdur","burdur","Altınyayla","alt-nyayla","20"
"246","23","Burdur","burdur","Çavdır","avd-r","30"
"247","23","Burdur","burdur","Bucak","bucak","40"
"248","23","Burdur","burdur","Çeltikçi","eltik-i","50"
"249","23","Burdur","burdur","Gölhisar","g-lhisar","60"
"250","23","Burdur","burdur","Karamanlı","karamanl","70"
"251","23","Burdur","burdur","Kemer","kemer","80"
"252","23","Burdur","burdur","Merkez","merkez","90"
"253","23","Burdur","burdur","Tefenni","tefenni","100"
"254","23","Burdur","burdur","Yeşilova","ye-ilova","110"
"255","24","Bursa","bursa","Büyükorhan","b-y-korhan","10"
"256","24","Bursa","bursa","Gemlik","gemlik","20"
"257","24","Bursa","bursa","Gürsu","g-rsu","30"
"258","24","Bursa","bursa","Harmancık","harmanc-k","40"
"259","24","Bursa","bursa","Karacabey","karacabey","50"
"260","24","Bursa","bursa","Keles","keles","60"
"261","24","Bursa","bursa","Kestel","kestel","70"
"262","24","Bursa","bursa","Mudanya","mudanya","80"
"263","24","Bursa","bursa","Mustafakemalpaşa","mustafakemalpa-a","90"
"264","24","Bursa","bursa","İnegöl","neg-l","100"
"265","24","Bursa","bursa","Nilüfer","nil-fer","110"
"266","24","Bursa","bursa","Orhaneli","orhaneli","120"
"267","24","Bursa","bursa","Orhangazi","orhangazi","130"
"268","24","Bursa","bursa","Osmangazi","osmangazi","140"
"269","24","Bursa","bursa","Yenişehir","yeni-ehir","150"
"270","24","Bursa","bursa","Yıldırım","y-ld-r-m","160"
"271","24","Bursa","bursa","İznik","znik","170"
"272","25","Denizli","denizli","Acıpayam","ac-payam","10"
"273","25","Denizli","denizli","Çal","al","20"
"274","25","Denizli","denizli","Çameli","ameli","30"
"275","25","Denizli","denizli","Çardak","ardak","40"
"276","25","Denizli","denizli","Babadağ","babada","50"
"277","25","Denizli","denizli","Baklan","baklan","60"
"278","25","Denizli","denizli","Bekilli","bekilli","70"
"279","25","Denizli","denizli","Beyağaç","beya-a","80"
"280","25","Denizli","denizli","Bozkurt","bozkurt","90"
"281","25","Denizli","denizli","Buldan","buldan","100"
"282","25","Denizli","denizli","Güney","g-ney","110"
"283","25","Denizli","denizli","Honaz","honaz","120"
"284","25","Denizli","denizli","Çivril","ivril","130"
"285","25","Denizli","denizli","Kale","kale","140"
"286","25","Denizli","denizli","Merkezefendi","merkezefendi","150"
"287","25","Denizli","denizli","Pamukkale","pamukkale","160"
"288","25","Denizli","denizli","Sarayköy","sarayk-y","170"
"289","25","Denizli","denizli","Serinhisar","serinhisar","180"
"290","25","Denizli","denizli","Tavas","tavas","190"
"291","26","Diyarbakır","diyarbak-r","Bağlar","ba-lar","10"
"292","26","Diyarbakır","diyarbak-r","Bismil","bismil","20"
"293","26","Diyarbakır","diyarbak-r","Dicle","dicle","30"
"294","26","Diyarbakır","diyarbak-r","Eğil","e-il","40"
"295","26","Diyarbakır","diyarbak-r","Ergani","ergani","50"
"296","26","Diyarbakır","diyarbak-r","Çermik","ermik","60"
"297","26","Diyarbakır","diyarbak-r","Hani","hani","70"
"298","26","Diyarbakır","diyarbak-r","Hazro","hazro","80"
"299","26","Diyarbakır","diyarbak-r","Kayapınar","kayap-nar","90"
"300","26","Diyarbakır","diyarbak-r","Kocaköy","kocak-y","100"
"301","26","Diyarbakır","diyarbak-r","Kulp","kulp","110"
"302","26","Diyarbakır","diyarbak-r","Lice","lice","120"
"303","26","Diyarbakır","diyarbak-r","Çınar","nar","130"
"304","26","Diyarbakır","diyarbak-r","Çüngüş","ng","140"
"305","26","Diyarbakır","diyarbak-r","Silvan","silvan","150"
"306","26","Diyarbakır","diyarbak-r","Sur","sur","160"
"307","26","Diyarbakır","diyarbak-r","Yenişehir","yeni-ehir","170"
"308","27","Düzce","d-zce","Akçakoca","ak-akoca","10"
"309","27","Düzce","d-zce","Cumayeri","cumayeri","20"
"310","27","Düzce","d-zce","Gölyaka","g-lyaka","30"
"311","27","Düzce","d-zce","Gümüşova","g-m-ova","40"
"312","27","Düzce","d-zce","Çilimli","ilimli","50"
"313","27","Düzce","d-zce","Kaynaşlı","kayna-l","60"
"314","27","Düzce","d-zce","Merkez","merkez","70"
"315","27","Düzce","d-zce","Yığılca","y-lca","80"
"316","28","Edirne","edirne","Enez","enez","10"
"317","28","Edirne","edirne","Havsa","havsa","20"
"318","28","Edirne","edirne","Keşan","ke-an","30"
"319","28","Edirne","edirne","Lalapaşa","lalapa-a","40"
"320","28","Edirne","edirne","Meriç","meri","50"
"321","28","Edirne","edirne","Merkez","merkez","60"
"322","28","Edirne","edirne","İpsala","psala","70"
"323","28","Edirne","edirne","Süloğlu","s-lo-lu","80"
"324","28","Edirne","edirne","Uzunköprü","uzunk-pr","90"
"325","29","Elazığ","elaz","Alacakaya","alacakaya","10"
"326","29","Elazığ","elaz","Ağın","a-n","20"
"327","29","Elazığ","elaz","Arıcak","ar-cak","30"
"328","29","Elazığ","elaz","Baskil","baskil","40"
"329","29","Elazığ","elaz","Karakoçan","karako-an","50"
"330","29","Elazığ","elaz","Keban","keban","60"
"331","29","Elazığ","elaz","Kovancılar","kovanc-lar","70"
"332","29","Elazığ","elaz","Maden","maden","80"
"333","29","Elazığ","elaz","Merkez","merkez","90"
"334","29","Elazığ","elaz","Palu","palu","100"
"335","29","Elazığ","elaz","Sivrice","sivrice","110"
"336","30","Erzincan","erzincan","Çayırlı","ay-rl","10"
"337","30","Erzincan","erzincan","Kemah","kemah","20"
"338","30","Erzincan","erzincan","Kemaliye","kemaliye","30"
"339","30","Erzincan","erzincan","İliç","li","40"
"340","30","Erzincan","erzincan","Merkez","merkez","50"
"341","30","Erzincan","erzincan","Otlukbeli","otlukbeli","60"
"342","30","Erzincan","erzincan","Refahiye","refahiye","70"
"343","30","Erzincan","erzincan","Tercan","tercan","80"
"344","30","Erzincan","erzincan","Üzümlü","z-ml","90"
"345","31","Erzurum","erzurum","Aşkale","a-kale","10"
"346","31","Erzurum","erzurum","Çat","at","20"
"347","31","Erzurum","erzurum","Aziziye","aziziye","30"
"348","31","Erzurum","erzurum","Şenkaya","enkaya","40"
"349","31","Erzurum","erzurum","Hınıs","h-n-s","50"
"350","31","Erzurum","erzurum","Horasan","horasan","60"
"351","31","Erzurum","erzurum","Karaçoban","kara-oban","70"
"352","31","Erzurum","erzurum","Karayazı","karayaz","80"
"353","31","Erzurum","erzurum","Köprüköy","k-pr-k-y","90"
"354","31","Erzurum","erzurum","Narman","narman","100"
"355","31","Erzurum","erzurum","Oltu","oltu","110"
"356","31","Erzurum","erzurum","Olur","olur","120"
"357","31","Erzurum","erzurum","Palandöken","paland-ken","130"
"358","31","Erzurum","erzurum","Pasinler","pasinler","140"
"359","31","Erzurum","erzurum","Pazaryolu","pazaryolu","150"
"360","31","Erzurum","erzurum","İspir","spir","160"
"361","31","Erzurum","erzurum","Tekman","tekman","170"
"362","31","Erzurum","erzurum","Tortum","tortum","180"
"363","31","Erzurum","erzurum","Uzundere","uzundere","190"
"364","31","Erzurum","erzurum","Yakutiye","yakutiye","200"
"365","32","Eskişehir","eski-ehir","Alpu","alpu","10"
"366","32","Eskişehir","eski-ehir","Beylikova","beylikova","20"
"367","32","Eskişehir","eski-ehir","Günyüzü","g-ny-z","30"
"368","32","Eskişehir","eski-ehir","Han","han","40"
"369","32","Eskişehir","eski-ehir","Çifteler","ifteler","50"
"370","32","Eskişehir","eski-ehir","Mahmudiye","mahmudiye","60"
"371","32","Eskişehir","eski-ehir","Mihalgazi","mihalgazi","70"
"372","32","Eskişehir","eski-ehir","Mihalıççık","mihal-k","80"
"373","32","Eskişehir","eski-ehir","İnönü","n-n","90"
"374","32","Eskişehir","eski-ehir","Odunpazarı","odunpazar","100"
"375","32","Eskişehir","eski-ehir","Sarıcakaya","sar-cakaya","110"
"376","32","Eskişehir","eski-ehir","Seyitgazi","seyitgazi","120"
"377","32","Eskişehir","eski-ehir","Sivrihisar","sivrihisar","130"
"378","32","Eskişehir","eski-ehir","Tepebaşı","tepeba","140"
"379","33","Gaziantep","gaziantep","Şahinbey","ahinbey","10"
"380","33","Gaziantep","gaziantep","Araban","araban","20"
"381","33","Gaziantep","gaziantep","Şehitkamil","ehitkamil","30"
"382","33","Gaziantep","gaziantep","Karkamış","karkam","40"
"383","33","Gaziantep","gaziantep","Nizip","nizip","50"
"384","33","Gaziantep","gaziantep","Nurdağı","nurda","60"
"385","33","Gaziantep","gaziantep","Oğuzeli","o-uzeli","70"
"386","33","Gaziantep","gaziantep","İslahiye","slahiye","80"
"387","33","Gaziantep","gaziantep","Yavuzeli","yavuzeli","90"
"388","34","Giresun","giresun","Alucra","alucra","10"
"389","34","Giresun","giresun","Çamoluk","amoluk","20"
"390","34","Giresun","giresun","Çanakçı","anak","30"
"391","34","Giresun","giresun","Bulancak","bulancak","40"
"392","34","Giresun","giresun","Dereli","dereli","50"
"393","34","Giresun","giresun","Doğankent","do-ankent","60"
"394","34","Giresun","giresun","Şebinkarahisar","ebinkarahisar","70"
"395","34","Giresun","giresun","Espiye","espiye","80"
"396","34","Giresun","giresun","Eynesil","eynesil","90"
"397","34","Giresun","giresun","Güce","g-ce","100"
"398","34","Giresun","giresun","Görele","g-rele","110"
"399","34","Giresun","giresun","Keşap","ke-ap","120"
"400","34","Giresun","giresun","Merkez","merkez","130"
"401","34","Giresun","giresun","Piraziz","piraziz","140"
"402","34","Giresun","giresun","Tirebolu","tirebolu","150"
"403","34","Giresun","giresun","Yağlıdere","ya-l-dere","160"
"404","35","Gümüşhane","g-m-hane","Şiran","iran","10"
"405","35","Gümüşhane","g-m-hane","Kelkit","kelkit","20"
"406","35","Gümüşhane","g-m-hane","Kürtün","k-rt-n","30"
"407","35","Gümüşhane","g-m-hane","Köse","k-se","40"
"408","35","Gümüşhane","g-m-hane","Merkez","merkez","50"
"409","35","Gümüşhane","g-m-hane","Torul","torul","60"
"410","36","Hakkari","hakkari","Derecik","derecik","10"
"411","36","Hakkari","hakkari","Şemdinli","emdinli","20"
"412","36","Hakkari","hakkari","Merkez","merkez","30"
"413","36","Hakkari","hakkari","Çukurca","ukurca","40"
"414","36","Hakkari","hakkari","Yüksekova","y-ksekova","50"
"415","37","Hatay","hatay","Altınözü","alt-n-z","10"
"416","37","Hatay","hatay","Antakya","antakya","20"
"417","37","Hatay","hatay","Arsuz","arsuz","30"
"418","37","Hatay","hatay","Belen","belen","40"
"419","37","Hatay","hatay","Defne","defne","50"
"420","37","Hatay","hatay","Dörtyol","d-rtyol","60"
"421","37","Hatay","hatay","Erzin","erzin","70"
"422","37","Hatay","hatay","Hassa","hassa","80"
"423","37","Hatay","hatay","Kırıkhan","k-r-khan","90"
"424","37","Hatay","hatay","Kumlu","kumlu","100"
"425","37","Hatay","hatay","Payas","payas","110"
"426","37","Hatay","hatay","Reyhanlı","reyhanl","120"
"427","37","Hatay","hatay","Samandağ","samanda","130"
"428","37","Hatay","hatay","İskenderun","skenderun","140"
"429","37","Hatay","hatay","Yayladağı","yaylada","150"
"430","38","Iğdır","i-d-r","Aralık","aral-k","10"
"431","38","Iğdır","i-d-r","Karakoyunlu","karakoyunlu","20"
"432","38","Iğdır","i-d-r","Merkez","merkez","30"
"433","38","Iğdır","i-d-r","Tuzluca","tuzluca","40"
"434","39","Isparta","isparta","Aksu","aksu","10"
"435","39","Isparta","isparta","Şarkikaraağaç","arkikaraa-a","20"
"436","39","Isparta","isparta","Atabey","atabey","30"
"437","39","Isparta","isparta","Eğirdir","e-irdir","40"
"438","39","Isparta","isparta","Gelendost","gelendost","50"
"439","39","Isparta","isparta","Gönen","g-nen","60"
"440","39","Isparta","isparta","Keçiborlu","ke-iborlu","70"
"441","39","Isparta","isparta","Merkez","merkez","80"
"442","39","Isparta","isparta","Senirkent","senirkent","90"
"443","39","Isparta","isparta","Sütçüler","s-t-ler","100"
"444","39","Isparta","isparta","Uluborlu","uluborlu","110"
"445","39","Isparta","isparta","Yalvaç","yalva","120"
"446","39","Isparta","isparta","Yenişarbademli","yeni-arbademli","130"
"447","40","Kahramanmaraş","kahramanmara","Afşin","af-in","10"
"448","40","Kahramanmaraş","kahramanmara","Çağlayancerit","a-layancerit","20"
"449","40","Kahramanmaraş","kahramanmara","Andırın","and-r-n","30"
"450","40","Kahramanmaraş","kahramanmara","Dulkadiroğlu","dulkadiro-lu","40"
"451","40","Kahramanmaraş","kahramanmara","Ekinözü","ekin-z","50"
"452","40","Kahramanmaraş","kahramanmara","Elbistan","elbistan","60"
"453","40","Kahramanmaraş","kahramanmara","Göksun","g-ksun","70"
"454","40","Kahramanmaraş","kahramanmara","Nurhak","nurhak","80"
"455","40","Kahramanmaraş","kahramanmara","Onikişubat","oniki-ubat","90"
"456","40","Kahramanmaraş","kahramanmara","Pazarcık","pazarc-k","100"
"457","40","Kahramanmaraş","kahramanmara","Türkoğlu","t-rko-lu","110"
"458","41","Karabük","karab-k","Eflani","eflani","10"
"459","41","Karabük","karab-k","Eskipazar","eskipazar","20"
"460","41","Karabük","karab-k","Merkez","merkez","30"
"461","41","Karabük","karab-k","Ovacık","ovac-k","40"
"462","41","Karabük","karab-k","Safranbolu","safranbolu","50"
"463","41","Karabük","karab-k","Yenice","yenice","60"
"464","42","Karaman","karaman","Ayrancı","ayranc","10"
"465","42","Karaman","karaman","Başyayla","ba-yayla","20"
"466","42","Karaman","karaman","Ermenek","ermenek","30"
"467","42","Karaman","karaman","Kazımkarabekir","kaz-mkarabekir","40"
"468","42","Karaman","karaman","Merkez","merkez","50"
"469","42","Karaman","karaman","Sarıveliler","sar-veliler","60"
"470","43","Kars","kars","Akyaka","akyaka","10"
"471","43","Kars","kars","Arpaçay","arpa-ay","20"
"472","43","Kars","kars","Digor","digor","30"
"473","43","Kars","kars","Kağızman","ka-zman","40"
"474","43","Kars","kars","Merkez","merkez","50"
"475","43","Kars","kars","Sarıkamış","sar-kam","60"
"476","43","Kars","kars","Selim","selim","70"
"477","43","Kars","kars","Susuz","susuz","80"
"478","44","Kastamonu","kastamonu","Abana","abana","10"
"479","44","Kastamonu","kastamonu","Ağlı","a-l","20"
"480","44","Kastamonu","kastamonu","Araç","ara","30"
"481","44","Kastamonu","kastamonu","Çatalzeytin","atalzeytin","40"
"482","44","Kastamonu","kastamonu","Azdavay","azdavay","50"
"483","44","Kastamonu","kastamonu","Bozkurt","bozkurt","60"
"484","44","Kastamonu","kastamonu","Cide","cide","70"
"485","44","Kastamonu","kastamonu","Daday","daday","80"
"486","44","Kastamonu","kastamonu","Devrekani","devrekani","90"
"487","44","Kastamonu","kastamonu","Doğanyurt","do-anyurt","100"
"488","44","Kastamonu","kastamonu","Şenpazar","enpazar","110"
"489","44","Kastamonu","kastamonu","Hanönü","han-n","120"
"490","44","Kastamonu","kastamonu","İhsangazi","hsangazi","130"
"491","44","Kastamonu","kastamonu","Küre","k-re","140"
"492","44","Kastamonu","kastamonu","Merkez","merkez","150"
"493","44","Kastamonu","kastamonu","İnebolu","nebolu","160"
"494","44","Kastamonu","kastamonu","Pınarbaşı","p-narba","170"
"495","44","Kastamonu","kastamonu","Seydiler","seydiler","180"
"496","44","Kastamonu","kastamonu","Taşköprü","ta-k-pr","190"
"497","44","Kastamonu","kastamonu","Tosya","tosya","200"
"498","45","Kayseri","kayseri","Akkışla","akk-la","10"
"499","45","Kayseri","kayseri","Bünyan","b-nyan","20"
"500","45","Kayseri","kayseri","Develi","develi","30"
"501","45","Kayseri","kayseri","Felahiye","felahiye","40"
"502","45","Kayseri","kayseri","Hacılar","hac-lar","50"
"503","45","Kayseri","kayseri","Kocasinan","kocasinan","60"
"504","45","Kayseri","kayseri","Melikgazi","melikgazi","70"
"505","45","Kayseri","kayseri","İncesu","ncesu","80"
"506","45","Kayseri","kayseri","Pınarbaşı","p-narba","90"
"507","45","Kayseri","kayseri","Sarıoğlan","sar-o-lan","100"
"508","45","Kayseri","kayseri","Sarız","sar-z","110"
"509","45","Kayseri","kayseri","Talas","talas","120"
"510","45","Kayseri","kayseri","Tomarza","tomarza","130"
"511","45","Kayseri","kayseri","Yahyalı","yahyal","140"
"512","45","Kayseri","kayseri","Yeşilhisar","ye-ilhisar","150"
"513","45","Kayseri","kayseri","Özvatan","zvatan","160"
"514","46","Kilis","kilis","Elbeyli","elbeyli","10"
"515","46","Kilis","kilis","Merkez","merkez","20"
"516","46","Kilis","kilis","Musabeyli","musabeyli","30"
"517","46","Kilis","kilis","Polateli","polateli","40"
"518","47","Kocaeli","kocaeli","Çayırova","ay-rova","10"
"519","47","Kocaeli","kocaeli","Başiskele","ba-iskele","20"
"520","47","Kocaeli","kocaeli","Darıca","dar-ca","30"
"521","47","Kocaeli","kocaeli","Derince","derince","40"
"522","47","Kocaeli","kocaeli","Dilovası","dilovas","50"
"523","47","Kocaeli","kocaeli","Gebze","gebze","60"
"524","47","Kocaeli","kocaeli","Gölcük","g-lc-k","70"
"525","47","Kocaeli","kocaeli","Kandıra","kand-ra","80"
"526","47","Kocaeli","kocaeli","Karamürsel","karam-rsel","90"
"527","47","Kocaeli","kocaeli","Kartepe","kartepe","100"
"528","47","Kocaeli","kocaeli","Körfez","k-rfez","110"
"529","47","Kocaeli","kocaeli","İzmit","zmit","120"
"530","48","Konya","konya","Ahırlı","ah-rl","10"
"531","48","Konya","konya","Akşehir","ak-ehir","20"
"532","48","Konya","konya","Akören","ak-ren","30"
"533","48","Konya","konya","Altınekin","alt-nekin","40"
"534","48","Konya","konya","Beyşehir","bey-ehir","50"
"535","48","Konya","konya","Bozkır","bozk-r","60"
"536","48","Konya","konya","Cihanbeyli","cihanbeyli","70"
"537","48","Konya","konya","Derbent","derbent","80"
"538","48","Konya","konya","Derebucak","derebucak","90"
"539","48","Konya","konya","Doğanhisar","do-anhisar","100"
"540","48","Konya","konya","Çeltik","eltik","110"
"541","48","Konya","konya","Emirgazi","emirgazi","120"
"542","48","Konya","konya","Ereğli","ere-li","130"
"543","48","Konya","konya","Güneysınır","g-neys-n-r","140"
"544","48","Konya","konya","Hadim","hadim","150"
"545","48","Konya","konya","Halkapınar","halkap-nar","160"
"546","48","Konya","konya","Hüyük","h-y-k","170"
"547","48","Konya","konya","Ilgın","ilg-n","180"
"548","48","Konya","konya","Kadınhanı","kad-nhan","190"
"549","48","Konya","konya","Karapınar","karap-nar","200"
"550","48","Konya","konya","Karatay","karatay","210"
"551","48","Konya","konya","Kulu","kulu","220"
"552","48","Konya","konya","Meram","meram","230"
"553","48","Konya","konya","Sarayönü","saray-n","240"
"554","48","Konya","konya","Selçuklu","sel-uklu","250"
"555","48","Konya","konya","Seydişehir","seydi-ehir","260"
"556","48","Konya","konya","Taşkent","ta-kent","270"
"557","48","Konya","konya","Tuzlukçu","tuzluk-u","280"
"558","48","Konya","konya","Çumra","umra","290"
"559","48","Konya","konya","Yalıhüyük","yal-h-y-k","300"
"560","48","Konya","konya","Yunak","yunak","310"
"561","49","Kırşehir","k-r-ehir","Akçakent","ak-akent","10"
"562","49","Kırşehir","k-r-ehir","Akpınar","akp-nar","20"
"563","49","Kırşehir","k-r-ehir","Boztepe","boztepe","30"
"564","49","Kırşehir","k-r-ehir","Çiçekdağı","i-ekda","40"
"565","49","Kırşehir","k-r-ehir","Kaman","kaman","50"
"566","49","Kırşehir","k-r-ehir","Merkez","merkez","60"
"567","49","Kırşehir","k-r-ehir","Mucur","mucur","70"
"568","50","Kırıkkale","k-r-kkale","Bahşılı","bah-l","10"
"569","50","Kırıkkale","k-r-kkale","Balışeyh","bal-eyh","20"
"570","50","Kırıkkale","k-r-kkale","Delice","delice","30"
"571","50","Kırıkkale","k-r-kkale","Çelebi","elebi","40"
"572","50","Kırıkkale","k-r-kkale","Karakeçili","karake-ili","50"
"573","50","Kırıkkale","k-r-kkale","Keskin","keskin","60"
"574","50","Kırıkkale","k-r-kkale","Merkez","merkez","70"
"575","50","Kırıkkale","k-r-kkale","Sulakyurt","sulakyurt","80"
"576","50","Kırıkkale","k-r-kkale","Yahşihan","yah-ihan","90"
"577","51","Kırklareli","k-rklareli","Babaeski","babaeski","10"
"578","51","Kırklareli","k-rklareli","Demirköy","demirk-y","20"
"579","51","Kırklareli","k-rklareli","Kofçaz","kof-az","30"
"580","51","Kırklareli","k-rklareli","Lüleburgaz","l-leburgaz","40"
"581","51","Kırklareli","k-rklareli","Merkez","merkez","50"
"582","51","Kırklareli","k-rklareli","Pehlivanköy","pehlivank-y","60"
"583","51","Kırklareli","k-rklareli","Pınarhisar","p-narhisar","70"
"584","51","Kırklareli","k-rklareli","Vize","vize","80"
"585","52","Kütahya","k-tahya","Altıntaş","alt-nta","10"
"586","52","Kütahya","k-tahya","Şaphane","aphane","20"
"587","52","Kütahya","k-tahya","Aslanapa","aslanapa","30"
"588","52","Kütahya","k-tahya","Çavdarhisar","avdarhisar","40"
"589","52","Kütahya","k-tahya","Domaniç","domani","50"
"590","52","Kütahya","k-tahya","Dumlupınar","dumlup-nar","60"
"591","52","Kütahya","k-tahya","Emet","emet","70"
"592","52","Kütahya","k-tahya","Gediz","gediz","80"
"593","52","Kütahya","k-tahya","Hisarcık","hisarc-k","90"
"594","52","Kütahya","k-tahya","Merkez","merkez","100"
"595","52","Kütahya","k-tahya","Pazarlar","pazarlar","110"
"596","52","Kütahya","k-tahya","Simav","simav","120"
"597","52","Kütahya","k-tahya","Tavşanlı","tav-anl","130"
"598","53","Malatya","malatya","Akçadağ","ak-ada","10"
"599","53","Malatya","malatya","Arapgir","arapgir","20"
"600","53","Malatya","malatya","Arguvan","arguvan","30"
"601","53","Malatya","malatya","Battalgazi","battalgazi","40"
"602","53","Malatya","malatya","Darende","darende","50"
"603","53","Malatya","malatya","Doğanşehir","do-an-ehir","60"
"604","53","Malatya","malatya","Doğanyol","do-anyol","70"
"605","53","Malatya","malatya","Hekimhan","hekimhan","80"
"606","53","Malatya","malatya","Kale","kale","90"
"607","53","Malatya","malatya","Kuluncak","kuluncak","100"
"608","53","Malatya","malatya","Pütürge","p-t-rge","110"
"609","53","Malatya","malatya","Yazıhan","yaz-han","120"
"610","53","Malatya","malatya","Yeşilyurt","ye-ilyurt","130"
"611","54","Manisa","manisa","Ahmetli","ahmetli","10"
"612","54","Manisa","manisa","Akhisar","akhisar","20"
"613","54","Manisa","manisa","Alaşehir","ala-ehir","30"
"614","54","Manisa","manisa","Demirci","demirci","40"
"615","54","Manisa","manisa","Şehzadeler","ehzadeler","50"
"616","54","Manisa","manisa","Gölmarmara","g-lmarmara","60"
"617","54","Manisa","manisa","Gördes","g-rdes","70"
"618","54","Manisa","manisa","Köprübaşı","k-pr-ba","80"
"619","54","Manisa","manisa","Kırkağaç","k-rka-a","90"
"620","54","Manisa","manisa","Kula","kula","100"
"621","54","Manisa","manisa","Salihli","salihli","110"
"622","54","Manisa","manisa","Sarıgöl","sar-g-l","120"
"623","54","Manisa","manisa","Saruhanlı","saruhanl","130"
"624","54","Manisa","manisa","Selendi","selendi","140"
"625","54","Manisa","manisa","Soma","soma","150"
"626","54","Manisa","manisa","Turgutlu","turgutlu","160"
"627","54","Manisa","manisa","Yunusemre","yunusemre","170"
"628","55","Mardin","mardin","Artuklu","artuklu","10"
"629","55","Mardin","mardin","Dargeçit","darge-it","20"
"630","55","Mardin","mardin","Derik","derik","30"
"631","55","Mardin","mardin","Kızıltepe","k-z-ltepe","40"
"632","55","Mardin","mardin","Mazıdağı","maz-da","50"
"633","55","Mardin","mardin","Ömerli","merli","60"
"634","55","Mardin","mardin","Midyat","midyat","70"
"635","55","Mardin","mardin","Nusaybin","nusaybin","80"
"636","55","Mardin","mardin","Savur","savur","90"
"637","55","Mardin","mardin","Yeşilli","ye-illi","100"
"638","56","Mersin","mersin","Akdeniz","akdeniz","10"
"639","56","Mersin","mersin","Çamlıyayla","aml-yayla","20"
"640","56","Mersin","mersin","Anamur","anamur","30"
"641","56","Mersin","mersin","Aydıncık","ayd-nc-k","40"
"642","56","Mersin","mersin","Bozyazı","bozyaz","50"
"643","56","Mersin","mersin","Erdemli","erdemli","60"
"644","56","Mersin","mersin","Gülnar","g-lnar","70"
"645","56","Mersin","mersin","Mezitli","mezitli","80"
"646","56","Mersin","mersin","Mut","mut","90"
"647","56","Mersin","mersin","Silifke","silifke","100"
"648","56","Mersin","mersin","Tarsus","tarsus","110"
"649","56","Mersin","mersin","Toroslar","toroslar","120"
"650","56","Mersin","mersin","Yenişehir","yeni-ehir","130"
"651","57","Muş","mu","Bulanık","bulan-k","10"
"652","57","Muş","mu","Hasköy","hask-y","20"
"653","57","Muş","mu","Korkut","korkut","30"
"654","57","Muş","mu","Malazgirt","malazgirt","40"
"655","57","Muş","mu","Merkez","merkez","50"
"656","57","Muş","mu","Varto","varto","60"
"657","58","Muğla","mu-la","Bodrum","bodrum","10"
"658","58","Muğla","mu-la","Dalaman","dalaman","20"
"659","58","Muğla","mu-la","Datça","dat-a","30"
"660","58","Muğla","mu-la","Fethiye","fethiye","40"
"661","58","Muğla","mu-la","Kavaklıdere","kavakl-dere","50"
"662","58","Muğla","mu-la","Köyceğiz","k-yce-iz","60"
"663","58","Muğla","mu-la","Marmaris","marmaris","70"
"664","58","Muğla","mu-la","Menteşe","mente-e","80"
"665","58","Muğla","mu-la","Milas","milas","90"
"666","58","Muğla","mu-la","Ortaca","ortaca","100"
"667","58","Muğla","mu-la","Seydikemer","seydikemer","110"
"668","58","Muğla","mu-la","Ula","ula","120"
"669","58","Muğla","mu-la","Yatağan","yata-an","130"
"670","59","Nevşehir","nev-ehir","Acıgöl","ac-g-l","10"
"671","59","Nevşehir","nev-ehir","Avanos","avanos","20"
"672","59","Nevşehir","nev-ehir","Derinkuyu","derinkuyu","30"
"673","59","Nevşehir","nev-ehir","Gülşehir","g-l-ehir","40"
"674","59","Nevşehir","nev-ehir","Hacıbektaş","hac-bekta","50"
"675","59","Nevşehir","nev-ehir","Kozaklı","kozakl","60"
"676","59","Nevşehir","nev-ehir","Merkez","merkez","70"
"677","59","Nevşehir","nev-ehir","Ürgüp","rg-p","80"
"678","60","Niğde","ni-de","Altunhisar","altunhisar","10"
"679","60","Niğde","ni-de","Çamardı","amard","20"
"680","60","Niğde","ni-de","Bor","bor","30"
"681","60","Niğde","ni-de","Çiftlik","iftlik","40"
"682","60","Niğde","ni-de","Merkez","merkez","50"
"683","60","Niğde","ni-de","Ulukışla","uluk-la","60"
"684","61","Ordu","ordu","Akkuş","akku","10"
"685","61","Ordu","ordu","Altınordu","alt-nordu","20"
"686","61","Ordu","ordu","Çamaş","ama","30"
"687","61","Ordu","ordu","Çatalpınar","atalp-nar","40"
"688","61","Ordu","ordu","Çaybaşı","ayba","50"
"689","61","Ordu","ordu","Aybastı","aybast","60"
"690","61","Ordu","ordu","Fatsa","fatsa","70"
"691","61","Ordu","ordu","Gölköy","g-lk-y","80"
"692","61","Ordu","ordu","Gülyalı","g-lyal","90"
"693","61","Ordu","ordu","Gürgentepe","g-rgentepe","100"
"694","61","Ordu","ordu","Kabadüz","kabad-z","110"
"695","61","Ordu","ordu","Kabataş","kabata","120"
"696","61","Ordu","ordu","İkizce","kizce","130"
"697","61","Ordu","ordu","Korgan","korgan","140"
"698","61","Ordu","ordu","Kumru","kumru","150"
"699","61","Ordu","ordu","Mesudiye","mesudiye","160"
"700","61","Ordu","ordu","Ünye","nye","170"
"701","61","Ordu","ordu","Perşembe","per-embe","180"
"702","61","Ordu","ordu","Ulubey","ulubey","190"
"703","62","Çorum","orum","Alaca","alaca","10"
"704","62","Çorum","orum","Bayat","bayat","20"
"705","62","Çorum","orum","Boğazkale","bo-azkale","30"
"706","62","Çorum","orum","Dodurga","dodurga","40"
"707","62","Çorum","orum","Kargı","karg","50"
"708","62","Çorum","orum","Laçin","la-in","60"
"709","62","Çorum","orum","Mecitözü","mecit-z","70"
"710","62","Çorum","orum","Merkez","merkez","80"
"711","62","Çorum","orum","Ortaköy","ortak-y","90"
"712","62","Çorum","orum","Osmancık","osmanc-k","100"
"713","62","Çorum","orum","Oğuzlar","o-uzlar","110"
"714","62","Çorum","orum","İskilip","skilip","120"
"715","62","Çorum","orum","Sungurlu","sungurlu","130"
"716","62","Çorum","orum","Uğurludağ","u-urluda","140"
"717","63","Osmaniye","osmaniye","Bahçe","bah-e","10"
"718","63","Osmaniye","osmaniye","Düziçi","d-zi-i","20"
"719","63","Osmaniye","osmaniye","Hasanbeyli","hasanbeyli","30"
"720","63","Osmaniye","osmaniye","Kadirli","kadirli","40"
"721","63","Osmaniye","osmaniye","Merkez","merkez","50"
"722","63","Osmaniye","osmaniye","Sumbas","sumbas","60"
"723","63","Osmaniye","osmaniye","Toprakkale","toprakkale","70"
"724","64","Rize","rize","Çamlıhemşin","aml-hem-in","10"
"725","64","Rize","rize","Ardeşen","arde-en","20"
"726","64","Rize","rize","Çayeli","ayeli","30"
"727","64","Rize","rize","Derepazarı","derepazar","40"
"728","64","Rize","rize","Fındıklı","f-nd-kl","50"
"729","64","Rize","rize","Güneysu","g-neysu","60"
"730","64","Rize","rize","Hemşin","hem-in","70"
"731","64","Rize","rize","Kalkandere","kalkandere","80"
"732","64","Rize","rize","İkizdere","kizdere","90"
"733","64","Rize","rize","Merkez","merkez","100"
"734","64","Rize","rize","Pazar","pazar","110"
"735","64","Rize","rize","İyidere","yidere","120"
"736","65","Şırnak","rnak","Beytüşşebap","beyt-ebap","10"
"737","65","Şırnak","rnak","Cizre","cizre","20"
"738","65","Şırnak","rnak","İdil","dil","30"
"739","65","Şırnak","rnak","Güçlükonak","g-l-konak","40"
"740","65","Şırnak","rnak","Merkez","merkez","50"
"741","65","Şırnak","rnak","Silopi","silopi","60"
"742","65","Şırnak","rnak","Uludere","uludere","70"
"743","66","Sakarya","sakarya","Adapazarı","adapazar","10"
"744","66","Sakarya","sakarya","Akyazı","akyaz","20"
"745","66","Sakarya","sakarya","Arifiye","arifiye","30"
"746","66","Sakarya","sakarya","Erenler","erenler","40"
"747","66","Sakarya","sakarya","Ferizli","ferizli","50"
"748","66","Sakarya","sakarya","Geyve","geyve","60"
"749","66","Sakarya","sakarya","Hendek","hendek","70"
"750","66","Sakarya","sakarya","Karapürçek","karap-r-ek","80"
"751","66","Sakarya","sakarya","Karasu","karasu","90"
"752","66","Sakarya","sakarya","Kaynarca","kaynarca","100"
"753","66","Sakarya","sakarya","Kocaali","kocaali","110"
"754","66","Sakarya","sakarya","Pamukova","pamukova","120"
"755","66","Sakarya","sakarya","Sapanca","sapanca","130"
"756","66","Sakarya","sakarya","Serdivan","serdivan","140"
"757","66","Sakarya","sakarya","Söğütlü","s-tl","150"
"758","66","Sakarya","sakarya","Taraklı","tarakl","160"
"759","67","Samsun","samsun","19 Mayıs","19-may-s","10"
"760","67","Samsun","samsun","Alaçam","ala-am","20"
"761","67","Samsun","samsun","Çarşamba","ar-amba","30"
"762","67","Samsun","samsun","Asarcık","asarc-k","40"
"763","67","Samsun","samsun","Atakum","atakum","50"
"764","67","Samsun","samsun","Ayvacık","ayvac-k","60"
"765","67","Samsun","samsun","Bafra","bafra","70"
"766","67","Samsun","samsun","Canik","canik","80"
"767","67","Samsun","samsun","Havza","havza","90"
"768","67","Samsun","samsun","Kavak","kavak","100"
"769","67","Samsun","samsun","Ladik","ladik","110"
"770","67","Samsun","samsun","İlkadım","lkad-m","120"
"771","67","Samsun","samsun","Salıpazarı","sal-pazar","130"
"772","67","Samsun","samsun","Tekkeköy","tekkek-y","140"
"773","67","Samsun","samsun","Terme","terme","150"
"774","67","Samsun","samsun","Vezirköprü","vezirk-pr","160"
"775","67","Samsun","samsun","Yakakent","yakakent","170"
"776","68","Siirt","siirt","Baykan","baykan","10"
"777","68","Siirt","siirt","Eruh","eruh","20"
"778","68","Siirt","siirt","Şirvan","irvan","30"
"779","68","Siirt","siirt","Kurtalan","kurtalan","40"
"780","68","Siirt","siirt","Merkez","merkez","50"
"781","68","Siirt","siirt","Pervari","pervari","60"
"782","68","Siirt","siirt","Tillo","tillo","70"
"783","69","Sinop","sinop","Ayancık","ayanc-k","10"
"784","69","Sinop","sinop","Boyabat","boyabat","20"
"785","69","Sinop","sinop","Dikmen","dikmen","30"
"786","69","Sinop","sinop","Durağan","dura-an","40"
"787","69","Sinop","sinop","Erfelek","erfelek","50"
"788","69","Sinop","sinop","Gerze","gerze","60"
"789","69","Sinop","sinop","Merkez","merkez","70"
"790","69","Sinop","sinop","Saraydüzü","sarayd-z","80"
"791","69","Sinop","sinop","Türkeli","t-rkeli","90"
"792","70","Sivas","sivas","Akıncılar","ak-nc-lar","10"
"793","70","Sivas","sivas","Altınyayla","alt-nyayla","20"
"794","70","Sivas","sivas","Şarkışla","ark-la","30"
"795","70","Sivas","sivas","Divriği","divri-i","40"
"796","70","Sivas","sivas","Doğanşar","do-an-ar","50"
"797","70","Sivas","sivas","Gemerek","gemerek","60"
"798","70","Sivas","sivas","Gölova","g-lova","70"
"799","70","Sivas","sivas","Gürün","g-r-n","80"
"800","70","Sivas","sivas","Hafik","hafik","90"
"801","70","Sivas","sivas","Kangal","kangal","100"
"802","70","Sivas","sivas","Koyulhisar","koyulhisar","110"
"803","70","Sivas","sivas","Merkez","merkez","120"
"804","70","Sivas","sivas","İmranlı","mranl","130"
"805","70","Sivas","sivas","Suşehri","su-ehri","140"
"806","70","Sivas","sivas","Ulaş","ula","150"
"807","70","Sivas","sivas","Yıldızeli","y-ld-zeli","160"
"808","70","Sivas","sivas","Zara","zara","170"
"809","71","İstanbul","stanbul","Adalar","adalar","10"
"810","71","İstanbul","stanbul","Arnavutköy","arnavutk-y","20"
"811","71","İstanbul","stanbul","Ataşehir","ata-ehir","30"
"812","71","İstanbul","stanbul","Çatalca","atalca","40"
"813","71","İstanbul","stanbul","Avcılar","avc-lar","50"
"814","71","İstanbul","stanbul","Başakşehir","ba-ak-ehir","60"
"815","71","İstanbul","stanbul","Bağcılar","ba-c-lar","70"
"816","71","İstanbul","stanbul","Bahçelievler","bah-elievler","80"
"817","71","İstanbul","stanbul","Bakırköy","bak-rk-y","90"
"818","71","İstanbul","stanbul","Bayrampaşa","bayrampa-a","100"
"819","71","İstanbul","stanbul","Beşiktaş","be-ikta","110"
"820","71","İstanbul","stanbul","Beykoz","beykoz","120"
"821","71","İstanbul","stanbul","Beylikdüzü","beylikd-z","130"
"822","71","İstanbul","stanbul","Beyoğlu","beyo-lu","140"
"823","71","İstanbul","stanbul","Büyükçekmece","b-y-k-ekmece","150"
"824","71","İstanbul","stanbul","Çekmeköy","ekmek-y","160"
"825","71","İstanbul","stanbul","Esenler","esenler","170"
"826","71","İstanbul","stanbul","Esenyurt","esenyurt","180"
"827","71","İstanbul","stanbul","Eyüpsultan","ey-psultan","190"
"828","71","İstanbul","stanbul","Fatih","fatih","200"
"829","71","İstanbul","stanbul","Gaziosmanpaşa","gaziosmanpa-a","210"
"830","71","İstanbul","stanbul","Güngören","g-ng-ren","220"
"831","71","İstanbul","stanbul","Şile","ile","230"
"832","71","İstanbul","stanbul","Şişli","i-li","240"
"833","71","İstanbul","stanbul","Kadıköy","kad-k-y","250"
"834","71","İstanbul","stanbul","Kartal","kartal","260"
"835","71","İstanbul","stanbul","Kağıthane","ka-thane","270"
"836","71","İstanbul","stanbul","Küçükçekmece","k-k-ekmece","280"
"837","71","İstanbul","stanbul","Maltepe","maltepe","290"
"838","71","İstanbul","stanbul","Ümraniye","mraniye","300"
"839","71","İstanbul","stanbul","Pendik","pendik","310"
"840","71","İstanbul","stanbul","Sancaktepe","sancaktepe","320"
"841","71","İstanbul","stanbul","Sarıyer","sar-yer","330"
"842","71","İstanbul","stanbul","Silivri","silivri","340"
"843","71","İstanbul","stanbul","Üsküdar","sk-dar","350"
"844","71","İstanbul","stanbul","Sultanbeyli","sultanbeyli","360"
"845","71","İstanbul","stanbul","Sultangazi","sultangazi","370"
"846","71","İstanbul","stanbul","Tuzla","tuzla","380"
"847","71","İstanbul","stanbul","Zeytinburnu","zeytinburnu","390"
"848","72","Tekirdağ","tekirda","Şarköy","ark-y","10"
"849","72","Tekirdağ","tekirda","Ergene","ergene","20"
"850","72","Tekirdağ","tekirda","Çerkezköy","erkezk-y","30"
"851","72","Tekirdağ","tekirda","Hayrabolu","hayrabolu","40"
"852","72","Tekirdağ","tekirda","Kapaklı","kapakl","50"
"853","72","Tekirdağ","tekirda","Malkara","malkara","60"
"854","72","Tekirdağ","tekirda","Marmaraereğlisi","marmaraere-lisi","70"
"855","72","Tekirdağ","tekirda","Muratlı","muratl","80"
"856","72","Tekirdağ","tekirda","Çorlu","orlu","90"
"857","72","Tekirdağ","tekirda","Saray","saray","100"
"858","72","Tekirdağ","tekirda","Süleymanpaşa","s-leymanpa-a","110"
"859","73","Tokat","tokat","Almus","almus","10"
"860","73","Tokat","tokat","Artova","artova","20"
"861","73","Tokat","tokat","Başçiftlik","ba-iftlik","30"
"862","73","Tokat","tokat","Erbaa","erbaa","40"
"863","73","Tokat","tokat","Merkez","merkez","50"
"864","73","Tokat","tokat","Niksar","niksar","60"
"865","73","Tokat","tokat","Pazar","pazar","70"
"866","73","Tokat","tokat","Reşadiye","re-adiye","80"
"867","73","Tokat","tokat","Sulusaray","sulusaray","90"
"868","73","Tokat","tokat","Turhal","turhal","100"
"869","73","Tokat","tokat","Yeşilyurt","ye-ilyurt","110"
"870","73","Tokat","tokat","Zile","zile","120"
"871","74","Trabzon","trabzon","Akçaabat","ak-aabat","10"
"872","74","Trabzon","trabzon","Şalpazarı","alpazar","20"
"873","74","Trabzon","trabzon","Araklı","arakl","30"
"874","74","Trabzon","trabzon","Çarşıbaşı","ar-ba","40"
"875","74","Trabzon","trabzon","Arsin","arsin","50"
"876","74","Trabzon","trabzon","Çaykara","aykara","60"
"877","74","Trabzon","trabzon","Beşikdüzü","be-ikd-z","70"
"878","74","Trabzon","trabzon","Dernekpazarı","dernekpazar","80"
"879","74","Trabzon","trabzon","Düzköy","d-zk-y","90"
"880","74","Trabzon","trabzon","Hayrat","hayrat","100"
"881","74","Trabzon","trabzon","Köprübaşı","k-pr-ba","110"
"882","74","Trabzon","trabzon","Maçka","ma-ka","120"
"883","74","Trabzon","trabzon","Of","of","130"
"884","74","Trabzon","trabzon","Ortahisar","ortahisar","140"
"885","74","Trabzon","trabzon","Sürmene","s-rmene","150"
"886","74","Trabzon","trabzon","Tonya","tonya","160"
"887","74","Trabzon","trabzon","Vakfıkebir","vakf-kebir","170"
"888","74","Trabzon","trabzon","Yomra","yomra","180"
"889","75","Tunceli","tunceli","Çemişgezek","emi-gezek","10"
"890","75","Tunceli","tunceli","Hozat","hozat","20"
"891","75","Tunceli","tunceli","Mazgirt","mazgirt","30"
"892","75","Tunceli","tunceli","Merkez","merkez","40"
"893","75","Tunceli","tunceli","Nazımiye","naz-miye","50"
"894","75","Tunceli","tunceli","Ovacık","ovac-k","60"
"895","75","Tunceli","tunceli","Pertek","pertek","70"
"896","75","Tunceli","tunceli","Pülümür","p-l-m-r","80"
"897","76","Uşak","u-ak","Banaz","banaz","10"
"898","76","Uşak","u-ak","Eşme","e-me","20"
"899","76","Uşak","u-ak","Karahallı","karahall","30"
"900","76","Uşak","u-ak","Merkez","merkez","40"
"901","76","Uşak","u-ak","Sivaslı","sivasl","50"
"902","76","Uşak","u-ak","Ulubey","ulubey","60"
"903","77","Van","van","Çaldıran","ald-ran","10"
"904","77","Van","van","Çatak","atak","20"
"905","77","Van","van","Bahçesaray","bah-esaray","30"
"906","77","Van","van","Başkale","ba-kale","40"
"907","77","Van","van","Edremit","edremit","50"
"908","77","Van","van","Erciş","erci","60"
"909","77","Van","van","Gevaş","geva","70"
"910","77","Van","van","Gürpınar","g-rp-nar","80"
"911","77","Van","van","Muradiye","muradiye","90"
"912","77","Van","van","İpekyolu","pekyolu","100"
"913","77","Van","van","Saray","saray","110"
"914","77","Van","van","Tuşba","tu-ba","120"
"915","77","Van","van","Özalp","zalp","130"
"916","78","Yalova","yalova","Altınova","alt-nova","10"
"917","78","Yalova","yalova","Armutlu","armutlu","20"
"918","78","Yalova","yalova","Çiftlikköy","iftlikk-y","30"
"919","78","Yalova","yalova","Merkez","merkez","40"
"920","78","Yalova","yalova","Çınarcık","narc-k","50"
"921","78","Yalova","yalova","Termal","termal","60"
"922","79","Yozgat","yozgat","Akdağmadeni","akda-madeni","10"
"923","79","Yozgat","yozgat","Çandır","and-r","20"
"924","79","Yozgat","yozgat","Aydıncık","ayd-nc-k","30"
"925","79","Yozgat","yozgat","Çayıralan","ay-ralan","40"
"926","79","Yozgat","yozgat","Boğazlıyan","bo-azl-yan","50"
"927","79","Yozgat","yozgat","Şefaatli","efaatli","60"
"928","79","Yozgat","yozgat","Çekerek","ekerek","70"
"929","79","Yozgat","yozgat","Kadışehri","kad-ehri","80"
"930","79","Yozgat","yozgat","Merkez","merkez","90"
"931","79","Yozgat","yozgat","Saraykent","saraykent","100"
"932","79","Yozgat","yozgat","Sarıkaya","sar-kaya","110"
"933","79","Yozgat","yozgat","Sorgun","sorgun","120"
"934","79","Yozgat","yozgat","Yenifakılı","yenifak-l","130"
"935","79","Yozgat","yozgat","Yerköy","yerk-y","140"
"936","80","İzmir","zmir","Aliağa","alia-a","10"
"937","80","İzmir","zmir","Balçova","bal-ova","20"
"938","80","İzmir","zmir","Bayındır","bay-nd-r","30"
"939","80","İzmir","zmir","Bayraklı","bayrakl","40"
"940","80","İzmir","zmir","Bergama","bergama","50"
"941","80","İzmir","zmir","Beydağ","beyda","60"
"942","80","İzmir","zmir","Bornova","bornova","70"
"943","80","İzmir","zmir","Buca","buca","80"
"944","80","İzmir","zmir","Ödemiş","demi","90"
"945","80","İzmir","zmir","Dikili","dikili","100"
"946","80","İzmir","zmir","Çeşme","e-me","110"
"947","80","İzmir","zmir","Foça","fo-a","120"
"948","80","İzmir","zmir","Gaziemir","gaziemir","130"
"949","80","İzmir","zmir","Güzelbahçe","g-zelbah-e","140"
"950","80","İzmir","zmir","Çiğli","i-li","150"
"951","80","İzmir","zmir","Karabağlar","karaba-lar","160"
"952","80","İzmir","zmir","Karaburun","karaburun","170"
"953","80","İzmir","zmir","Karşıyaka","kar-yaka","180"
"954","80","İzmir","zmir","Kemalpaşa","kemalpa-a","190"
"955","80","İzmir","zmir","Kiraz","kiraz","200"
"956","80","İzmir","zmir","Kınık","k-n-k","210"
"957","80","İzmir","zmir","Konak","konak","220"
"958","80","İzmir","zmir","Menderes","menderes","230"
"959","80","İzmir","zmir","Menemen","menemen","240"
"960","80","İzmir","zmir","Narlıdere","narl-dere","250"
"961","80","İzmir","zmir","Seferihisar","seferihisar","260"
"962","80","İzmir","zmir","Selçuk","sel-uk","270"
"963","80","İzmir","zmir","Tire","tire","280"
"964","80","İzmir","zmir","Torbalı","torbal","290"
"965","80","İzmir","zmir","Urla","urla","300"
"966","81","Zonguldak","zonguldak","Alaplı","alapl","10"
"967","81","Zonguldak","zonguldak","Çaycuma","aycuma","20"
"968","81","Zonguldak","zonguldak","Devrek","devrek","30"
"969","81","Zonguldak","zonguldak","Ereğli","ere-li","40"
"970","81","Zonguldak","zonguldak","Gökçebey","g-k-ebey","50"
"971","81","Zonguldak","zonguldak","Kilimli","kilimli","60"
"972","81","Zonguldak","zonguldak","Kozlu","kozlu","70"
"973","81","Zonguldak","zonguldak","Merkez","merkez","80"
